date,store_id,product_id,total_units_sold,total_revenue,avg_discount,promo_active,opening,received,sold,closing,reorder_lvl,lead_days,category,sub_category,brand,mrp,cost_price,shelf_life_days,supplier_id,city,store_type,floor_area_sqft,avg_daily_customers,region,temp_c,rain_mm,holiday,festival,weekend,local_event,day_of_week,is_weekend,month,lag_1_demand,lag_7_demand,rolling_mean_7_demand,days_of_inventory,reorder_gap,next_7_day_demand,stockout_flag,predicted_7_day_demand,stockout_prob,stockout_pred_label,recommended_reorder_qty,risk_level,Store,Product,Current Stock,7-Day Forecast,Stock-out Prob,Risk Level,Recommended Order,revenue_at_risk
2026-08-09,S04,P09,5,857.5,5.0,1,47.0,0,5.0,42.0,25,3,Staples,Sunflower Oil 1L,Fortune,175.0,140.0,270.0,SUP006,Kolkata,Supermarket,14800,1850.0,East,28.0,21.6,0,0,1,1,6,1,8,7.0,0.0,1.8571428571428568,22.62,17.0,14.0,0,17.1,0.0,0,0,Low,S04 (Kolkata),P09 - Sunflower Oil 1L,42,17.1,0.0%,Low,0,0.0
2026-08-20,S04,P06,1,306.0,10.0,1,52.0,0,1.0,51.0,20,4,Beverages,Tea Gold,Tata,340.0,270.0,365.0,SUP004,Kolkata,Supermarket,14800,1850.0,East,30.8,0.0,0,0,0,0,3,0,8,0.0,1.0,2.2857142857142856,22.31,31.0,8.0,0,16.0,0.0,0,0,Low,S04 (Kolkata),P06 - Tea Gold,51,16.0,0.0%,Low,0,0.0
2026-08-20,S01,P04,8,1404.0,5.0,1,64.0,0,8.0,56.0,30,2,Produce,Royal Gala Apples,Farmfresh,180.0,130.0,12.0,SUP003,Mumbai,Hypermarket,28500,3400.0,West,32.0,0.0,0,0,0,0,3,0,8,20.0,12.0,11.857142857142858,4.72,26.0,46.0,0,80.1,0.0,0,24,Low,S01 (Mumbai),P04 - Royal Gala Apples,56,80.1,0.0%,Low,24,0.0
2026-08-21,S02,P09,14,2415.0,1.0,1,46.0,0,14.0,32.0,25,3,Staples,Sunflower Oil 1L,Fortune,175.0,140.0,270.0,SUP006,Delhi,Supermarket,16200,2250.0,North,32.6,0.0,0,0,0,0,4,0,8,3.0,0.0,3.0,10.67,7.0,19.0,0,21.0,0.0,0,0,Low,S02 (Delhi),P09 - Sunflower Oil 1L,32,21.0,0.0%,Low,0,0.0
2026-08-24,S01,P06,5,1649.0,5.0,1,25.0,0,5.0,20.0,20,4,Beverages,Tea Gold,Tata,340.0,270.0,365.0,SUP004,Mumbai,Hypermarket,28500,3400.0,West,30.0,12.8,0,0,0,0,0,0,8,9.0,0.0,5.714285714285714,3.5,0.0,38.0,0,41.8,0.0,0,22,Low,S01 (Mumbai),P06 - Tea Gold,20,41.8,0.0%,Low,22,0.0
2026-08-23,S04,P02,4,1017.5,6.67,1,32.0,0,4.0,28.0,25,3,Dairy,Butter,Amul,275.0,235.0,180.0,SUP001,Kolkata,Supermarket,14800,1850.0,East,27.5,0.0,0,0,1,0,6,1,8,3.0,5.0,4.142857142857143,6.76,3.0,37.0,0,31.0,0.0,0,3,Low,S04 (Kolkata),P02 - Butter,28,31.0,0.0%,Low,3,0.0
2026-08-13,S02,P06,4,1258.0,5.0,1,10.0,0,4.0,6.0,20,4,Beverages,Tea Gold,Tata,340.0,270.0,365.0,SUP004,Delhi,Supermarket,16200,2250.0,North,30.8,0.0,0,0,0,0,3,0,8,2.0,5.0,4.428571428571429,1.35,-14.0,24.0,0,33.6,0.0,0,28,Low,S02 (Delhi),P06 - Tea Gold,6,33.6,0.0%,Low,28,0.0
2026-08-20,S01,P10,12,705.0,2.5,1,50.0,0,12.0,38.0,35,3,Snacks,Gold Biscuits,Parle,60.0,45.0,180.0,SUP_UNKNOWN,Mumbai,Hypermarket,28500,3400.0,West,32.0,0.0,0,0,0,0,3,0,8,2.0,7.0,4.428571428571429,8.58,3.0,48.0,0,30.8,0.0,0,0,Low,S01 (Mumbai),P10 - Gold Biscuits,38,30.8,0.0%,Low,0,0.0
2026-08-21,S04,P09,0,0.0,0.0,0,21.0,55,0.0,76.0,25,3,Staples,Sunflower Oil 1L,Fortune,175.0,140.0,270.0,SUP006,Kolkata,Supermarket,14800,1850.0,East,32.9,0.0,0,0,0,1,4,0,8,3.0,0.0,1.1428571428571428,66.5,51.0,25.0,0,118.9,0.0,0,43,Low,S04 (Kolkata),P09 - Sunflower Oil 1L,76,118.9,0.0%,Low,43,0.0
2026-08-17,S03,P09,0,0.0,0.0,0,34.0,0,0.0,34.0,25,3,Staples,Sunflower Oil 1L,Fortune,175.0,140.0,270.0,SUP006,Bengaluru,Express,6400,2250.0,South,28.0,0.0,0,0,0,0,0,0,8,2.0,2.0,1.8571428571428568,18.31,9.0,6.0,0,13.2,0.0,0,0,Low,S03 (Bengaluru),P09 - Sunflower Oil 1L,34,13.2,0.0%,Low,0,0.0
2026-08-19,S02,P10,4,240.0,0.0,0,75.0,80,4.0,151.0,35,3,Snacks,Gold Biscuits,Parle,60.0,45.0,180.0,SUP_UNKNOWN,Delhi,Supermarket,16200,2250.0,North,30.3,5.8,0,0,0,0,2,0,8,6.0,0.0,22.285714285714285,6.78,116.0,22.0,0,87.8,0.0,0,0,Low,S02 (Delhi),P10 - Gold Biscuits,151,87.8,0.0%,Low,0,0.0
2026-08-12,S02,P03,5,225.0,0.0,0,97.0,0,5.0,92.0,45,1,Bakery,Whole Wheat Bread,Britannia,45.0,34.0,6.0,SUP002,Delhi,Supermarket,16200,2250.0,North,32.6,32.2,0,0,0,0,2,0,8,23.0,11.0,13.571428571428571,6.78,47.0,97.0,0,157.1,0.0,0,65,Low,S02 (Delhi),P03 - Whole Wheat Bread,92,157.1,0.0%,Low,65,0.0
2026-08-21,S02,P04,14,2484.0,1.43,1,78.0,0,14.0,64.0,30,2,Produce,Royal Gala Apples,Farmfresh,180.0,130.0,12.0,SUP003,Delhi,Supermarket,16200,2250.0,North,32.6,0.0,0,0,0,0,4,0,8,9.0,6.0,6.714285714285714,9.53,34.0,53.0,0,44.4,0.0,0,0,Low,S02 (Delhi),P04 - Royal Gala Apples,64,44.4,0.0%,Low,0,0.0
2026-08-24,S03,P01,2,132.0,0.0,0,41.0,0,2.0,39.0,40,1,Dairy,Fresh Milk,Amul,66.0,52.0,3.0,SUP001,Bengaluru,Express,6400,2250.0,South,27.0,0.0,0,0,0,0,0,0,8,13.0,0.0,5.428571428571429,7.18,-1.0,41.0,0,34.3,0.0,0,0,Low,S03 (Bengaluru),P01 - Fresh Milk,39,34.3,0.0%,Low,0,0.0
2026-08-20,S01,P08,0,0.0,0.0,0,42.0,0,0.0,42.0,20,4,Staples,Basmati Rice 5Kg,India Gate,520.0,415.0,365.0,SUP006,Mumbai,Hypermarket,28500,3400.0,West,32.0,0.0,0,0,0,0,3,0,8,1.0,5.0,3.4285714285714284,12.25,22.0,29.0,0,23.8,0.0,0,0,Low,S01 (Mumbai),P08 - Basmati Rice 5Kg,42,23.8,0.0%,Low,0,0.0
2026-08-11,S02,P07,3,362.5,5.0,1,25.0,0,3.0,22.0,25,5,Personal Care,Antiseptic Soap,Dettol,125.0,95.0,730.0,SUP005,Delhi,Supermarket,16200,2250.0,North,32.2,22.1,0,0,0,0,1,0,8,6.0,3.0,4.0,5.5,-3.0,25.0,0,27.0,0.0,0,5,Low,S02 (Delhi),P07 - Antiseptic Soap,22,27.0,0.0%,Low,5,0.0
2026-08-13,S02,P03,14,618.75,1.0,1,92.0,0,14.0,78.0,45,1,Bakery,Whole Wheat Bread,Britannia,45.0,34.0,6.0,SUP002,Delhi,Supermarket,16200,2250.0,North,30.8,0.0,0,0,0,0,3,0,8,5.0,10.0,12.714285714285714,6.13,33.0,105.0,0,96.7,0.0,0,19,Low,S02 (Delhi),P03 - Whole Wheat Bread,78,96.7,0.0%,Low,19,0.0
2026-08-12,S01,P04,7,1233.0,3.0,1,58.0,70,7.0,121.0,30,2,Produce,Royal Gala Apples,Farmfresh,180.0,130.0,12.0,SUP003,Mumbai,Hypermarket,28500,3400.0,West,28.1,0.0,0,0,0,0,2,0,8,1.0,2.0,42.57142857142857,2.84,91.0,83.0,0,85.4,0.0,0,0,Low,S01 (Mumbai),P04 - Royal Gala Apples,121,85.4,0.0%,Low,0,0.0
2026-08-14,S02,P03,6,261.0,3.75,1,78.0,0,6.0,72.0,45,1,Bakery,Whole Wheat Bread,Britannia,45.0,34.0,6.0,SUP002,Delhi,Supermarket,16200,2250.0,North,15.0,40.4,0,0,0,0,4,0,8,14.0,9.0,13.285714285714286,5.42,27.0,109.0,0,85.9,0.0,0,14,Low,S02 (Delhi),P03 - Whole Wheat Bread,72,85.9,0.0%,Low,14,0.0
2026-08-11,S02,P08,4,1898.0,12.5,1,9.0,45,4.0,50.0,20,4,Staples,Basmati Rice 5Kg,India Gate,520.0,415.0,365.0,SUP006,Delhi,Supermarket,16200,2250.0,North,32.2,22.1,0,0,0,0,1,0,8,0.0,4.0,3.2857142857142856,15.22,30.0,21.0,0,22.2,0.0,0,0,Low,S02 (Delhi),P08 - Basmati Rice 5Kg,50,22.2,0.0%,Low,0,0.0
2026-08-14,S03,P09,2,350.0,0.0,0,40.0,0,2.0,38.0,25,3,Staples,Sunflower Oil 1L,Fortune,175.0,140.0,270.0,SUP006,Bengaluru,Express,6400,2250.0,South,27.2,0.0,0,0,0,1,4,0,8,0.0,3.0,2.142857142857143,17.73,13.0,8.0,0,13.4,0.0,0,0,Low,S03 (Bengaluru),P09 - Sunflower Oil 1L,38,13.4,0.0%,Low,0,0.0
2026-08-17,S01,P05,8,304.0,5.0,1,0.0,0,8.0,0.0,50,2,Produce,Organic Potatoes,Greenfields,40.0,25.0,12.0,SUP003,Mumbai,Hypermarket,28500,3400.0,West,30.6,28.7,0,0,0,0,0,0,8,522.0,5.0,87.0,0.0,-50.0,111.0,1,225.9,1.0,1,226,High,S01 (Mumbai),P05 - Organic Potatoes,0,225.9,100.0%,High,226,9036.0
2026-08-10,S02,P04,4,630.0,13.33,1,81.0,0,4.0,77.0,30,2,Produce,Royal Gala Apples,Farmfresh,180.0,130.0,12.0,SUP003,Delhi,Supermarket,16200,2250.0,North,33.9,0.0,0,0,0,0,0,0,8,2.0,5.0,5.714285714285714,13.48,47.0,47.0,0,39.6,0.0,0,0,Low,S02 (Delhi),P04 - Royal Gala Apples,77,39.6,0.0%,Low,0,0.0
2026-08-15,S02,P08,8,4030.0,4.17,1,45.0,0,8.0,37.0,20,4,Staples,Basmati Rice 5Kg,India Gate,520.0,415.0,365.0,SUP006,Delhi,Supermarket,16200,2250.0,North,33.8,0.0,1,1,1,0,5,1,8,3.0,6.0,2.2857142857142856,16.19,17.0,21.0,0,15.2,0.0,0,0,Low,S02 (Delhi),P08 - Basmati Rice 5Kg,37,15.2,0.0%,Low,0,0.0
2026-08-21,S03,P01,6,366.3,5.0,1,69.0,0,6.0,63.0,40,1,Dairy,Fresh Milk,Amul,66.0,52.0,3.0,SUP001,Bengaluru,Express,6400,2250.0,South,30.2,10.0,0,0,0,0,4,0,8,3.0,8.0,3.857142857142857,16.33,23.0,39.0,0,32.0,0.0,0,0,Low,S03 (Bengaluru),P01 - Fresh Milk,63,32.0,0.0%,Low,0,0.0
2026-08-11,S01,P04,1,171.0,5.0,1,59.0,0,1.0,58.0,30,2,Produce,Royal Gala Apples,Farmfresh,180.0,130.0,12.0,SUP003,Mumbai,Hypermarket,28500,3400.0,West,27.7,27.0,0,0,0,0,1,0,8,11.0,14.0,44.42857142857143,1.31,28.0,70.0,0,141.6,0.0,0,84,Low,S01 (Mumbai),P04 - Royal Gala Apples,58,141.6,0.0%,Low,84,0.0
2026-08-09,S01,P08,4,1976.0,5.0,1,0.0,45,4.0,41.0,20,4,Staples,Basmati Rice 5Kg,India Gate,520.0,415.0,365.0,SUP006,Mumbai,Hypermarket,28500,3400.0,West,29.2,36.0,0,0,1,0,6,1,8,4.0,5.0,6.857142857142857,5.98,21.0,28.0,0,43.2,0.0,0,2,Low,S01 (Mumbai),P08 - Basmati Rice 5Kg,41,43.2,0.0%,Low,2,0.0
2026-08-13,S04,P07,1,106.25,15.0,1,51.0,0,1.0,50.0,25,5,Personal Care,Antiseptic Soap,Dettol,125.0,95.0,730.0,SUP005,Kolkata,Supermarket,14800,1850.0,East,32.5,6.9,0,0,0,0,3,0,8,0.0,0.0,0.7142857142857143,70.0,25.0,27.0,0,19.4,0.0,0,0,Low,S04 (Kolkata),P07 - Antiseptic Soap,50,19.4,0.0%,Low,0,0.0
2026-08-09,S02,P08,1,442.0,15.0,1,10.0,0,1.0,9.0,20,4,Staples,Basmati Rice 5Kg,India Gate,520.0,415.0,365.0,SUP006,Delhi,Supermarket,16200,2250.0,North,33.9,0.0,0,0,1,0,6,1,8,6.0,10.0,4.857142857142857,1.85,-11.0,18.0,0,32.7,0.0,0,24,Low,S02 (Delhi),P08 - Basmati Rice 5Kg,9,32.7,0.0%,Low,24,0.0
2026-08-24,S02,P03,3,135.0,0.0,0,110.0,0,3.0,107.0,45,1,Bakery,Whole Wheat Bread,Britannia,45.0,34.0,6.0,SUP002,Delhi,Supermarket,16200,2250.0,North,32.1,0.0,0,0,0,0,0,0,8,14.0,10.0,13.571428571428571,7.88,62.0,87.0,0,147.2,0.0,0,40,Low,S02 (Delhi),P03 - Whole Wheat Bread,107,147.2,0.0%,Low,40,0.0
2026-08-20,S04,P05,4,140.0,12.5,1,97.0,0,4.0,93.0,50,2,Produce,Organic Potatoes,Greenfields,40.0,25.0,12.0,SUP003,Kolkata,Supermarket,14800,1850.0,East,30.8,0.0,0,0,0,0,3,0,8,9.0,2.0,6.142857142857143,15.14,43.0,23.0,0,42.8,0.0,0,0,Low,S04 (Kolkata),P05 - Organic Potatoes,93,42.8,0.0%,Low,0,0.0
2026-08-20,S02,P09,3,472.5,10.0,1,49.0,0,3.0,46.0,25,3,Staples,Sunflower Oil 1L,Fortune,175.0,140.0,270.0,SUP006,Delhi,Supermarket,16200,2250.0,North,34.7,46.4,0,0,0,0,3,0,8,3.0,0.0,2.571428571428572,17.89,21.0,30.0,0,18.6,0.0,0,0,Low,S02 (Delhi),P09 - Sunflower Oil 1L,46,18.6,0.0%,Low,0,0.0
2026-08-22,S03,P04,1,171.0,5.0,1,95.0,0,1.0,94.0,30,2,Produce,Royal Gala Apples,Farmfresh,180.0,130.0,12.0,SUP003,Bengaluru,Express,6400,2250.0,South,29.2,15.1,0,0,1,0,5,1,8,1.0,1.0,1.8571428571428568,50.62,64.0,12.0,0,15.2,0.0,0,0,Low,S03 (Bengaluru),P04 - Royal Gala Apples,94,15.2,0.0%,Low,0,0.0
2026-08-16,S01,P05,522,16852.0,5.0,1,273.0,120,522.0,0.0,50,2,Produce,Organic Potatoes,Greenfields,40.0,25.0,12.0,SUP003,Mumbai,Hypermarket,28500,3400.0,West,29.1,75.8,0,0,1,0,6,1,8,33.0,21.0,15.428571428571429,0.0,-50.0,99.0,1,126.8,0.99,1,127,High,S01 (Mumbai),P05 - Organic Potatoes,0,126.8,99.0%,High,127,5072.0
2026-08-14,S04,P07,1,112.5,10.0,1,50.0,0,1.0,49.0,25,5,Personal Care,Antiseptic Soap,Dettol,125.0,95.0,730.0,SUP005,Kolkata,Supermarket,14800,1850.0,East,32.7,10.6,0,0,0,0,4,0,8,1.0,2.0,0.8571428571428571,57.17,24.0,29.0,0,92.7,0.0,0,44,Low,S04 (Kolkata),P07 - Antiseptic Soap,49,92.7,0.0%,Low,44,0.0
2026-08-12,S02,P09,2,297.5,15.0,1,14.0,55,2.0,67.0,25,3,Staples,Sunflower Oil 1L,Fortune,175.0,140.0,270.0,SUP006,Delhi,Supermarket,16200,2250.0,North,32.6,32.2,0,0,0,0,2,0,8,4.0,4.0,4.428571428571429,15.13,42.0,18.0,0,28.9,0.0,0,0,Low,S02 (Delhi),P09 - Sunflower Oil 1L,67,28.9,0.0%,Low,0,0.0
2026-08-16,S03,P08,4,1560.0,25.0,1,22.0,0,4.0,18.0,20,4,Staples,Basmati Rice 5Kg,India Gate,520.0,415.0,365.0,SUP006,Bengaluru,Express,6400,2250.0,South,25.6,55.3,0,0,1,0,6,1,8,2.0,1.0,2.7142857142857144,6.63,-2.0,10.0,0,24.1,0.0,0,6,Low,S03 (Bengaluru),P08 - Basmati Rice 5Kg,18,24.1,0.0%,Low,6,0.0
2026-08-13,S01,P06,4,1275.0,6.25,1,37.0,0,4.0,33.0,20,4,Beverages,Tea Gold,Tata,340.0,270.0,365.0,SUP004,Mumbai,Hypermarket,28500,3400.0,West,27.3,65.7,0,0,0,0,3,0,8,3.0,5.0,5.285714285714286,6.24,13.0,39.0,0,35.2,0.0,0,2,Low,S01 (Mumbai),P06 - Tea Gold,33,35.2,0.0%,Low,2,0.0
2026-08-20,S04,P10,1,48.0,20.0,1,86.0,0,1.0,85.0,35,3,Snacks,Gold Biscuits,Parle,60.0,45.0,180.0,SUP_UNKNOWN,Kolkata,Supermarket,14800,1850.0,East,30.8,0.0,0,0,0,0,3,0,8,4.0,1.0,3.4285714285714284,24.79,50.0,13.0,0,25.4,0.0,0,0,Low,S04 (Kolkata),P10 - Gold Biscuits,85,25.4,0.0%,Low,0,0.0
2026-08-12,S03,P06,5,1445.0,15.0,1,39.0,0,5.0,34.0,20,4,Beverages,Tea Gold,Tata,340.0,270.0,365.0,SUP004,Bengaluru,Express,6400,2250.0,South,28.9,4.7,0,0,0,0,2,0,8,1.0,0.0,0.8571428571428571,39.67,14.0,5.0,0,72.4,0.0,0,38,Low,S03 (Bengaluru),P06 - Tea Gold,34,72.4,0.0%,Low,38,0.0
2026-08-18,S01,P05,6,222.0,6.0,1,0.0,120,6.0,114.0,50,2,Produce,Organic Potatoes,Greenfields,40.0,25.0,12.0,SUP003,Mumbai,Hypermarket,28500,3400.0,West,30.4,0.0,0,0,0,0,1,0,8,8.0,12.0,87.42857142857143,1.3,64.0,106.0,0,290.9,0.0,0,177,Low,S01 (Mumbai),P05 - Organic Potatoes,114,290.9,0.0%,Low,177,0.0
2026-08-12,S04,P10,3,162.0,10.0,1,33.0,80,3.0,110.0,35,3,Snacks,Gold Biscuits,Parle,60.0,45.0,180.0,SUP_UNKNOWN,Kolkata,Supermarket,14800,1850.0,East,35.6,0.0,0,0,0,0,2,0,8,1.0,0.0,3.2857142857142856,33.48,75.0,24.0,0,20.8,0.0,0,0,Low,S04 (Kolkata),P10 - Gold Biscuits,110,20.8,0.0%,Low,0,0.0
2026-08-18,S01,P01,12,742.5,3.57,1,24.0,100,13.0,111.0,40,1,Dairy,Fresh Milk,Amul,66.0,52.0,3.0,SUP001,Mumbai,Hypermarket,28500,3400.0,West,30.4,0.0,0,0,0,0,1,0,8,17.0,18.0,22.285714285714285,4.98,71.0,268.0,0,165.1,0.0,0,54,Low,S01 (Mumbai),P01 - Fresh Milk,111,165.1,0.0%,Low,54,0.0
2026-08-10,S04,P05,4,140.0,13.33,1,160.0,0,4.0,156.0,50,2,Produce,Organic Potatoes,Greenfields,40.0,25.0,12.0,SUP003,Kolkata,Supermarket,14800,1850.0,East,32.4,30.1,0,0,0,0,0,0,8,7.0,12.0,7.285714285714286,21.41,106.0,41.0,0,52.5,0.0,0,0,Low,S04 (Kolkata),P05 - Organic Potatoes,156,52.5,0.0%,Low,0,0.0
2026-08-19,S01,P10,2,108.0,10.0,1,52.0,0,2.0,50.0,35,3,Snacks,Gold Biscuits,Parle,60.0,45.0,180.0,SUP_UNKNOWN,Mumbai,Hypermarket,28500,3400.0,West,30.7,3.1,0,0,0,0,2,0,8,3.0,8.0,5.285714285714286,9.46,15.0,54.0,0,37.5,0.0,0,0,Low,S01 (Mumbai),P10 - Gold Biscuits,50,37.5,0.0%,Low,0,0.0
2026-08-21,S04,P06,0,0.0,0.0,0,51.0,0,0.0,51.0,20,4,Beverages,Tea Gold,Tata,340.0,270.0,365.0,SUP004,Kolkata,Supermarket,14800,1850.0,East,32.9,0.0,0,0,0,1,4,0,8,1.0,1.0,2.2857142857142856,22.31,31.0,9.0,0,15.4,0.0,0,0,Low,S04 (Kolkata),P06 - Tea Gold,51,15.4,0.0%,Low,0,0.0
2026-08-22,S04,P03,16,663.75,6.88,1,82.0,0,16.0,66.0,45,1,Bakery,Whole Wheat Bread,Britannia,45.0,34.0,6.0,SUP002,Kolkata,Supermarket,14800,1850.0,East,33.4,0.0,0,0,1,0,5,1,8,3.0,19.0,46.142857142857146,1.43,21.0,149.0,0,149.0,0.0,0,83,Low,S04 (Kolkata),P03 - Whole Wheat Bread,66,149.0,0.0%,Low,83,0.0
2026-08-21,S04,P10,1,60.0,0.0,0,85.0,0,1.0,84.0,35,3,Snacks,Gold Biscuits,Parle,60.0,45.0,180.0,SUP_UNKNOWN,Kolkata,Supermarket,14800,1850.0,East,32.9,0.0,0,0,0,1,4,0,8,1.0,0.0,3.4285714285714284,24.5,49.0,15.0,0,21.1,0.0,0,0,Low,S04 (Kolkata),P10 - Gold Biscuits,84,21.1,0.0%,Low,0,0.0
2026-08-22,S01,P02,12,3162.5,7.14,1,35.0,0,12.0,23.0,25,3,Dairy,Butter,Amul,275.0,235.0,180.0,SUP001,Mumbai,Hypermarket,28500,3400.0,West,29.1,20.9,0,0,1,0,5,1,8,11.0,10.0,6.571428571428571,3.5,-2.0,51.0,0,42.0,0.0,0,19,Low,S01 (Mumbai),P02 - Butter,23,42.0,0.0%,Low,19,0.0
2026-08-16,S04,P10,2,108.0,10.0,1,100.0,0,2.0,98.0,35,3,Snacks,Gold Biscuits,Parle,60.0,45.0,180.0,SUP_UNKNOWN,Kolkata,Supermarket,14800,1850.0,East,32.4,24.8,0,0,1,0,6,1,8,9.0,7.0,3.0,32.67,63.0,18.0,0,22.7,0.0,0,0,Low,S04 (Kolkata),P10 - Gold Biscuits,98,22.7,0.0%,Low,0,0.0
2026-08-12,S03,P09,2,350.0,0.0,0,42.0,0,2.0,40.0,25,3,Staples,Sunflower Oil 1L,Fortune,175.0,140.0,270.0,SUP006,Bengaluru,Express,6400,2250.0,South,28.9,4.7,0,0,0,0,2,0,8,3.0,0.0,1.8571428571428568,21.54,15.0,6.0,0,16.9,0.0,0,0,Low,S03 (Bengaluru),P09 - Sunflower Oil 1L,40,16.9,0.0%,Low,0,0.0
2026-08-14,S04,P02,6,1567.5,7.5,1,11.0,60,6.0,65.0,25,3,Dairy,Butter,Amul,275.0,235.0,180.0,SUP001,Kolkata,Supermarket,14800,1850.0,East,32.7,10.6,0,0,0,0,4,0,8,3.0,7.0,5.428571428571429,11.97,40.0,30.0,0,38.9,0.0,0,0,Low,S04 (Kolkata),P02 - Butter,65,38.9,0.0%,Low,0,0.0
2026-08-08,S02,P08,6,2756.0,8.33,1,16.0,0,6.0,10.0,20,4,Staples,Basmati Rice 5Kg,India Gate,520.0,415.0,365.0,SUP006,Delhi,Supermarket,16200,2250.0,North,33.5,9.2,0,0,1,0,5,1,8,6.0,6.0,4.857142857142857,2.06,-10.0,18.0,0,31.6,0.0,0,22,Low,S02 (Delhi),P08 - Basmati Rice 5Kg,10,31.6,0.0%,Low,22,0.0
2026-08-20,S02,P02,2,467.5,15.0,1,19.0,0,2.0,17.0,25,3,Dairy,Butter,Amul,275.0,235.0,180.0,SUP001,Delhi,Supermarket,16200,2250.0,North,34.7,46.4,0,0,0,0,3,0,8,8.0,4.0,5.857142857142857,2.9,-8.0,56.0,0,42.4,0.0,0,25,Low,S02 (Delhi),P02 - Butter,17,42.4,0.0%,Low,25,0.0
2026-08-15,S04,P06,2,646.0,5.0,1,16.0,50,2.0,64.0,20,4,Beverages,Tea Gold,Tata,340.0,270.0,365.0,SUP004,Kolkata,Supermarket,14800,1850.0,East,35.9,31.0,1,1,1,0,5,1,8,1.0,7.0,3.0,21.33,44.0,15.0,0,23.5,0.0,0,0,Low,S04 (Kolkata),P06 - Tea Gold,64,23.5,0.0%,Low,0,0.0
2026-08-15,S03,P03,8,357.75,0.83,1,116.0,0,8.0,108.0,45,1,Bakery,Whole Wheat Bread,Britannia,45.0,34.0,6.0,SUP002,Bengaluru,Express,6400,2250.0,South,25.9,37.9,1,1,1,0,5,1,8,6.0,2.0,2.857142857142857,37.8,63.0,32.0,0,24.0,0.0,0,0,Low,S03 (Bengaluru),P03 - Whole Wheat Bread,108,24.0,0.0%,Low,0,0.0
2026-08-24,S01,P07,1,125.0,0.0,0,1.0,60,1.0,60.0,25,5,Personal Care,Antiseptic Soap,Dettol,125.0,95.0,730.0,SUP005,Mumbai,Hypermarket,28500,3400.0,West,30.0,12.8,0,0,0,0,0,0,8,6.0,2.0,4.0,15.0,35.0,31.0,0,32.8,0.0,0,0,Low,S01 (Mumbai),P07 - Antiseptic Soap,60,32.8,0.0%,Low,0,0.0
2026-08-24,S01,P08,9,4628.0,2.0,1,31.0,0,9.0,22.0,20,4,Staples,Basmati Rice 5Kg,India Gate,520.0,415.0,365.0,SUP006,Mumbai,Hypermarket,28500,3400.0,West,30.0,12.8,0,0,0,0,0,0,8,2.0,0.0,2.857142857142857,7.7,2.0,528.0,0,25.0,0.0,0,3,Low,S01 (Mumbai),P08 - Basmati Rice 5Kg,22,25.0,0.0%,Low,3,0.0
2026-08-10,S03,P10,7,420.0,0.0,0,66.0,0,7.0,59.0,35,3,Snacks,Gold Biscuits,Parle,60.0,45.0,180.0,SUP_UNKNOWN,Bengaluru,Express,6400,2250.0,South,28.5,38.5,0,0,0,0,0,0,8,1.0,2.0,1.1428571428571428,51.62,24.0,12.0,0,277.2,0.0,0,218,Low,S03 (Bengaluru),P10 - Gold Biscuits,59,277.2,0.0%,Low,218,0.0
2026-08-10,S01,P01,16,993.3,5.91,1,97.0,0,16.0,81.0,40,1,Dairy,Fresh Milk,Amul,66.0,52.0,3.0,SUP001,Mumbai,Hypermarket,28500,3400.0,West,30.4,6.4,0,0,0,0,0,0,8,23.0,16.0,19.142857142857142,4.23,41.0,156.0,0,156.1,0.0,0,75,Low,S01 (Mumbai),P01 - Fresh Milk,81,156.1,0.0%,Low,75,0.0
2026-08-08,S02,P09,11,1776.25,7.86,1,41.0,0,11.0,30.0,25,3,Staples,Sunflower Oil 1L,Fortune,175.0,140.0,270.0,SUP006,Delhi,Supermarket,16200,2250.0,North,33.5,9.2,0,0,1,0,5,1,8,0.0,2.0,2.7142857142857144,11.05,5.0,20.0,0,22.3,0.0,0,0,Low,S02 (Delhi),P09 - Sunflower Oil 1L,30,22.3,0.0%,Low,0,0.0
2026-08-21,S01,P05,15,560.0,6.5,1,194.0,0,15.0,179.0,50,2,Produce,Organic Potatoes,Greenfields,40.0,25.0,12.0,SUP003,Mumbai,Hypermarket,28500,3400.0,West,28.9,24.3,0,0,0,0,4,0,8,20.0,9.0,88.28571428571429,2.03,129.0,107.0,0,311.0,0.0,0,132,Low,S01 (Mumbai),P05 - Organic Potatoes,179,311.0,0.0%,Low,132,0.0
2026-08-08,S04,P05,2,72.0,10.0,1,49.0,0,2.0,47.0,50,2,Produce,Organic Potatoes,Greenfields,40.0,25.0,12.0,SUP003,Kolkata,Supermarket,14800,1850.0,East,31.5,5.6,0,0,1,0,5,1,8,3.0,12.0,8.571428571428571,5.48,-3.0,39.0,0,119.5,0.0,0,72,Low,S04 (Kolkata),P05 - Organic Potatoes,47,119.5,0.0%,Low,72,0.0
2026-08-21,S02,P08,1,468.0,10.0,1,21.0,0,1.0,20.0,20,4,Staples,Basmati Rice 5Kg,India Gate,520.0,415.0,365.0,SUP006,Delhi,Supermarket,16200,2250.0,North,32.6,0.0,0,0,0,0,4,0,8,3.0,3.0,3.4285714285714284,5.83,0.0,21.0,0,25.8,0.0,0,6,Low,S02 (Delhi),P08 - Basmati Rice 5Kg,20,25.8,0.0%,Low,6,0.0
2026-08-17,S03,P05,2,64.0,20.0,1,47.0,120,2.0,165.0,50,2,Produce,Organic Potatoes,Greenfields,40.0,25.0,12.0,SUP003,Bengaluru,Express,6400,2250.0,South,28.0,0.0,0,0,0,0,0,0,8,3.0,1.0,4.0,41.25,115.0,32.0,0,30.8,0.0,0,0,Low,S03 (Bengaluru),P05 - Organic Potatoes,165,30.8,0.0%,Low,0,0.0
2026-08-22,S03,P03,5,218.25,3.0,1,81.0,0,5.0,76.0,45,1,Bakery,Whole Wheat Bread,Britannia,45.0,34.0,6.0,SUP002,Bengaluru,Express,6400,2250.0,South,29.2,15.1,0,0,1,0,5,1,8,1.0,8.0,5.0,15.2,31.0,39.0,0,37.0,0.0,0,0,Low,S03 (Bengaluru),P03 - Whole Wheat Bread,76,37.0,0.0%,Low,0,0.0
2026-08-14,S03,P01,8,501.6,5.0,1,96.0,0,8.0,88.0,40,1,Dairy,Fresh Milk,Amul,66.0,52.0,3.0,SUP001,Bengaluru,Express,6400,2250.0,South,27.2,0.0,0,0,0,1,4,0,8,7.0,9.0,8.857142857142858,9.94,48.0,25.0,0,49.9,0.0,0,0,Low,S03 (Bengaluru),P01 - Fresh Milk,88,49.9,0.0%,Low,0,0.0
2026-08-08,S04,P02,6,1553.75,6.67,1,42.0,0,6.0,36.0,25,3,Dairy,Butter,Amul,275.0,235.0,180.0,SUP001,Kolkata,Supermarket,14800,1850.0,East,31.5,5.6,0,0,1,0,5,1,8,7.0,1.0,4.0,9.0,11.0,35.0,0,26.0,0.0,0,0,Low,S04 (Kolkata),P02 - Butter,36,26.0,0.0%,Low,0,0.0
2026-08-12,S02,P06,2,680.0,0.0,0,12.0,0,2.0,10.0,20,4,Beverages,Tea Gold,Tata,340.0,270.0,365.0,SUP004,Delhi,Supermarket,16200,2250.0,North,32.6,32.2,0,0,0,0,2,0,8,1.0,0.0,4.142857142857143,2.41,-10.0,27.0,0,21.6,0.0,0,12,Low,S02 (Delhi),P06 - Tea Gold,10,21.6,0.0%,Low,12,0.0
2026-08-13,S02,P02,4,1100.0,0.0,0,60.0,0,4.0,56.0,25,3,Dairy,Butter,Amul,275.0,235.0,180.0,SUP001,Delhi,Supermarket,16200,2250.0,North,30.8,0.0,0,0,0,0,3,0,8,5.0,9.0,4.142857142857143,13.52,31.0,39.0,0,30.6,0.0,0,0,Low,S02 (Delhi),P02 - Butter,56,30.6,0.0%,Low,0,0.0
2026-08-12,S01,P05,4,156.0,2.5,1,103.0,120,4.0,219.0,50,2,Produce,Organic Potatoes,Greenfields,40.0,25.0,12.0,SUP003,Mumbai,Hypermarket,28500,3400.0,West,28.1,0.0,0,0,0,0,2,0,8,12.0,5.0,93.85714285714286,2.33,169.0,622.0,0,496.1,0.0,0,277,Low,S01 (Mumbai),P05 - Organic Potatoes,219,496.1,0.0%,Low,277,0.0
2026-08-11,S02,P10,6,357.0,2.5,1,78.0,0,6.0,72.0,35,3,Snacks,Gold Biscuits,Parle,60.0,45.0,180.0,SUP_UNKNOWN,Delhi,Supermarket,16200,2250.0,North,32.2,22.1,0,0,0,0,1,0,8,2.0,1.0,39.71428571428572,1.81,37.0,156.0,0,111.7,0.0,0,40,Low,S02 (Delhi),P10 - Gold Biscuits,72,111.7,0.0%,Low,40,0.0
2026-08-13,S02,P07,0,0.0,0.0,0,21.0,0,0.0,21.0,25,5,Personal Care,Antiseptic Soap,Dettol,125.0,95.0,730.0,SUP005,Delhi,Supermarket,16200,2250.0,North,30.8,0.0,0,0,0,0,3,0,8,1.0,7.0,3.4285714285714284,6.12,-4.0,30.0,0,27.4,0.0,0,6,Low,S02 (Delhi),P07 - Antiseptic Soap,21,27.4,0.0%,Low,6,0.0
2026-08-13,S02,P08,2,988.0,5.0,1,50.0,0,2.0,48.0,20,4,Staples,Basmati Rice 5Kg,India Gate,520.0,415.0,365.0,SUP006,Delhi,Supermarket,16200,2250.0,North,30.8,0.0,0,0,0,0,3,0,8,0.0,1.0,2.571428571428572,18.67,28.0,24.0,0,22.1,0.0,0,0,Low,S02 (Delhi),P08 - Basmati Rice 5Kg,48,22.1,0.0%,Low,0,0.0
2026-08-17,S01,P04,8,1314.0,8.0,1,28.0,0,8.0,20.0,30,2,Produce,Royal Gala Apples,Farmfresh,180.0,130.0,12.0,SUP003,Mumbai,Hypermarket,28500,3400.0,West,30.6,28.7,0,0,0,0,0,0,8,10.0,11.0,9.714285714285714,2.06,-10.0,64.0,0,70.5,0.0,0,50,Low,S01 (Mumbai),P04 - Royal Gala Apples,20,70.5,0.0%,Low,50,0.0
2026-08-22,S02,P04,3,531.0,1.67,1,64.0,0,3.0,61.0,30,2,Produce,Royal Gala Apples,Farmfresh,180.0,130.0,12.0,SUP003,Delhi,Supermarket,16200,2250.0,North,36.6,17.9,0,0,1,0,5,1,8,14.0,9.0,7.857142857142857,7.76,31.0,56.0,0,48.8,0.0,0,0,Low,S02 (Delhi),P04 - Royal Gala Apples,61,48.8,0.0%,Low,0,0.0
2026-08-21,S01,P02,11,2860.0,4.0,1,46.0,0,11.0,35.0,25,3,Dairy,Butter,Amul,275.0,235.0,180.0,SUP001,Mumbai,Hypermarket,28500,3400.0,West,28.9,24.3,0,0,0,0,4,0,8,9.0,8.0,6.142857142857143,5.7,10.0,59.0,0,40.0,0.0,0,5,Low,S01 (Mumbai),P02 - Butter,35,40.0,0.0%,Low,5,0.0
2026-08-09,S01,P05,21,776.0,10.45,1,0.0,0,21.0,0.0,50,2,Produce,Organic Potatoes,Greenfields,40.0,25.0,12.0,SUP003,Mumbai,Hypermarket,28500,3400.0,West,29.2,36.0,0,0,1,0,6,1,8,519.0,29.0,96.14285714285714,0.0,-50.0,609.0,1,502.6,1.0,1,503,High,S01 (Mumbai),P05 - Organic Potatoes,0,502.6,100.0%,High,503,20104.0
2026-08-18,S02,P10,6,351.0,3.75,1,81.0,0,6.0,75.0,35,3,Snacks,Gold Biscuits,Parle,60.0,45.0,180.0,SUP_UNKNOWN,Delhi,Supermarket,16200,2250.0,North,40.1,0.0,0,0,0,0,1,0,8,3.0,6.0,22.285714285714285,3.37,40.0,26.0,0,100.8,0.0,0,26,Low,S02 (Delhi),P10 - Gold Biscuits,75,100.8,0.0%,Low,26,0.0
2026-08-16,S02,P03,19,801.0,6.88,1,44.0,90,19.0,115.0,45,1,Bakery,Whole Wheat Bread,Britannia,45.0,34.0,6.0,SUP002,Delhi,Supermarket,16200,2250.0,North,34.5,0.0,0,0,1,0,6,1,8,28.0,15.0,14.142857142857142,8.13,70.0,95.0,0,95.6,0.0,0,0,Low,S02 (Delhi),P03 - Whole Wheat Bread,115,95.6,0.0%,Low,0,0.0
2026-08-18,S01,P03,8,339.75,6.25,1,32.0,90,8.0,114.0,45,1,Bakery,Whole Wheat Bread,Britannia,45.0,34.0,6.0,SUP002,Mumbai,Hypermarket,28500,3400.0,West,30.4,0.0,0,0,0,0,1,0,8,18.0,21.0,21.571428571428573,5.28,69.0,135.0,0,171.6,0.0,0,58,Low,S01 (Mumbai),P03 - Whole Wheat Bread,114,171.6,0.0%,Low,58,0.0
2026-08-10,S01,P05,5,200.0,0.0,0,0.0,120,5.0,115.0,50,2,Produce,Organic Potatoes,Greenfields,40.0,25.0,12.0,SUP003,Mumbai,Hypermarket,28500,3400.0,West,30.4,6.4,0,0,0,0,0,0,8,21.0,14.0,95.0,1.21,65.0,612.0,0,501.2,0.0,0,386,Low,S01 (Mumbai),P05 - Organic Potatoes,115,501.2,0.0%,Low,386,0.0
2026-08-19,S02,P08,2,1040.0,0.0,0,26.0,0,2.0,24.0,20,4,Staples,Basmati Rice 5Kg,India Gate,520.0,415.0,365.0,SUP006,Delhi,Supermarket,16200,2250.0,North,30.3,5.8,0,0,0,0,2,0,8,1.0,0.0,3.0,8.0,4.0,19.0,0,23.3,0.0,0,0,Low,S02 (Delhi),P08 - Basmati Rice 5Kg,24,23.3,0.0%,Low,0,0.0
2026-08-10,S02,P06,9,2839.0,5.83,1,22.0,0,9.0,13.0,20,4,Beverages,Tea Gold,Tata,340.0,270.0,365.0,SUP004,Delhi,Supermarket,16200,2250.0,North,33.9,0.0,0,0,0,0,0,0,8,3.0,2.0,3.0,4.33,-7.0,23.0,0,23.2,0.0,0,10,Low,S02 (Delhi),P06 - Tea Gold,13,23.2,0.0%,Low,10,0.0
2026-08-14,S02,P01,7,455.4,1.67,1,43.0,0,7.0,36.0,40,1,Dairy,Fresh Milk,Amul,66.0,52.0,3.0,SUP001,Delhi,Supermarket,16200,2250.0,North,15.0,40.4,0,0,0,0,4,0,8,27.0,13.0,19.571428571428573,1.84,-4.0,191.0,0,155.7,0.0,0,120,Low,S02 (Delhi),P01 - Fresh Milk,36,155.7,0.0%,Low,120,0.0
2026-08-21,S01,P08,1,468.0,10.0,1,42.0,0,1.0,41.0,20,4,Staples,Basmati Rice 5Kg,India Gate,520.0,415.0,365.0,SUP006,Mumbai,Hypermarket,28500,3400.0,West,28.9,24.3,0,0,0,0,4,0,8,0.0,3.0,2.7142857142857144,15.11,21.0,33.0,0,25.7,0.0,0,0,Low,S01 (Mumbai),P08 - Basmati Rice 5Kg,41,25.7,0.0%,Low,0,0.0
2026-08-12,S03,P04,6,1053.0,2.5,1,45.0,0,6.0,39.0,30,2,Produce,Royal Gala Apples,Farmfresh,180.0,130.0,12.0,SUP003,Bengaluru,Express,6400,2250.0,South,28.9,4.7,0,0,0,0,2,0,8,0.0,1.0,1.4285714285714286,27.3,9.0,13.0,0,21.7,0.0,0,0,Low,S03 (Bengaluru),P04 - Royal Gala Apples,39,21.7,0.0%,Low,0,0.0
2026-08-12,S02,P01,26,1620.3,3.46,1,96.0,0,26.0,70.0,40,1,Dairy,Fresh Milk,Amul,66.0,52.0,3.0,SUP001,Delhi,Supermarket,16200,2250.0,North,32.6,32.2,0,0,0,0,2,0,8,12.0,6.0,15.0,4.67,30.0,197.0,0,102.1,0.0,0,32,Low,S02 (Delhi),P01 - Fresh Milk,70,102.1,0.0%,Low,32,0.0
2026-08-12,S04,P06,1,340.0,0.0,0,19.0,0,1.0,18.0,20,4,Beverages,Tea Gold,Tata,340.0,270.0,365.0,SUP004,Kolkata,Supermarket,14800,1850.0,East,35.6,0.0,0,0,0,0,2,0,8,2.0,3.0,3.4285714285714284,5.25,-2.0,16.0,0,23.5,0.0,0,6,Low,S04 (Kolkata),P06 - Tea Gold,18,23.5,0.0%,Low,6,0.0
2026-08-15,S01,P07,9,943.75,15.0,1,38.0,0,9.0,29.0,25,5,Personal Care,Antiseptic Soap,Dettol,125.0,95.0,730.0,SUP005,Mumbai,Hypermarket,28500,3400.0,West,29.4,0.0,1,1,1,0,5,1,8,5.0,5.0,6.714285714285714,4.32,4.0,22.0,0,42.6,0.0,0,14,Low,S01 (Mumbai),P07 - Antiseptic Soap,29,42.6,0.0%,Low,14,0.0
2026-08-22,S01,P04,3,540.0,0.0,0,45.0,0,4.0,41.0,30,2,Produce,Royal Gala Apples,Farmfresh,180.0,130.0,12.0,SUP003,Mumbai,Hypermarket,28500,3400.0,West,29.1,20.9,0,0,1,0,5,1,8,11.0,15.0,11.142857142857142,3.68,11.0,51.0,0,130.6,0.0,0,90,Low,S01 (Mumbai),P04 - Royal Gala Apples,41,130.6,0.0%,Low,90,0.0
2026-08-11,S03,P03,0,0.0,0.0,0,132.0,0,0.0,132.0,45,1,Bakery,Whole Wheat Bread,Britannia,45.0,34.0,6.0,SUP002,Bengaluru,Express,6400,2250.0,South,24.5,0.0,0,0,0,0,1,0,8,0.0,6.0,2.7142857142857144,48.63,87.0,44.0,0,16.0,0.0,0,0,Low,S03 (Bengaluru),P03 - Whole Wheat Bread,132,16.0,0.0%,Low,0,0.0
2026-08-23,S01,P03,18,789.75,2.92,1,23.0,90,18.0,95.0,45,1,Bakery,Whole Wheat Bread,Britannia,45.0,34.0,6.0,SUP002,Mumbai,Hypermarket,28500,3400.0,West,29.1,80.9,0,0,1,0,6,1,8,32.0,20.0,19.571428571428573,4.85,50.0,132.0,0,155.5,0.0,0,60,Low,S01 (Mumbai),P03 - Whole Wheat Bread,95,155.5,0.0%,Low,60,0.0
2026-08-13,S03,P08,0,0.0,0.0,0,28.0,0,0.0,28.0,20,4,Staples,Basmati Rice 5Kg,India Gate,520.0,415.0,365.0,SUP006,Bengaluru,Express,6400,2250.0,South,26.8,5.0,0,0,0,0,3,0,8,5.0,0.0,2.7142857142857144,10.32,8.0,14.0,0,24.3,0.0,0,0,Low,S03 (Bengaluru),P08 - Basmati Rice 5Kg,28,24.3,0.0%,Low,0,0.0
2026-08-13,S03,P02,3,742.5,7.5,1,46.0,0,3.0,43.0,25,3,Dairy,Butter,Amul,275.0,235.0,180.0,SUP001,Bengaluru,Express,6400,2250.0,South,26.8,5.0,0,0,0,0,3,0,8,0.0,0.0,1.4285714285714286,30.1,18.0,15.0,0,11.8,0.0,0,0,Low,S03 (Bengaluru),P02 - Butter,43,11.8,0.0%,Low,0,0.0
2026-08-13,S01,P03,18,789.75,3.18,1,62.0,0,18.0,44.0,45,1,Bakery,Whole Wheat Bread,Britannia,45.0,34.0,6.0,SUP002,Mumbai,Hypermarket,28500,3400.0,West,27.3,65.7,0,0,0,0,3,0,8,11.0,15.0,16.857142857142858,2.61,-1.0,156.0,0,147.0,0.0,0,103,Low,S01 (Mumbai),P03 - Whole Wheat Bread,44,147.0,0.0%,Low,103,0.0
2026-08-13,S02,P10,125,7497.0,1.0,1,72.0,80,126.0,26.0,35,3,Snacks,Gold Biscuits,Parle,60.0,45.0,180.0,SUP_UNKNOWN,Delhi,Supermarket,16200,2250.0,North,30.8,0.0,0,0,0,0,3,0,8,0.0,3.0,40.285714285714285,0.65,-9.0,40.0,0,104.7,0.0,0,79,Low,S02 (Delhi),P10 - Gold Biscuits,26,104.7,0.0%,Low,79,0.0
2026-08-19,S02,P01,14,874.5,6.0,1,87.0,0,14.0,73.0,40,1,Dairy,Fresh Milk,Amul,66.0,52.0,3.0,SUP001,Delhi,Supermarket,16200,2250.0,North,30.3,5.8,0,0,0,0,2,0,8,21.0,26.0,29.857142857142858,2.44,33.0,230.0,0,178.1,0.0,0,105,Low,S02 (Delhi),P01 - Fresh Milk,73,178.1,0.0%,Low,105,0.0
2026-08-14,S01,P01,10,660.0,0.0,0,127.0,0,11.0,116.0,40,1,Dairy,Fresh Milk,Amul,66.0,52.0,3.0,SUP001,Mumbai,Hypermarket,28500,3400.0,West,31.4,36.9,0,0,0,0,4,0,8,7.0,11.0,18.142857142857142,6.39,76.0,144.0,0,122.1,0.0,0,6,Low,S01 (Mumbai),P01 - Fresh Milk,116,122.1,0.0%,Low,6,0.0
2026-08-17,S01,P09,9,1365.0,10.0,1,38.0,0,9.0,29.0,25,3,Staples,Sunflower Oil 1L,Fortune,175.0,140.0,270.0,SUP006,Mumbai,Hypermarket,28500,3400.0,West,30.6,28.7,0,0,0,0,0,0,8,3.0,0.0,5.714285714285714,5.08,4.0,27.0,0,43.0,0.0,0,14,Low,S01 (Mumbai),P09 - Sunflower Oil 1L,29,43.0,0.0%,Low,14,0.0
2026-08-18,S02,P06,1,340.0,0.0,0,40.0,0,1.0,39.0,20,4,Beverages,Tea Gold,Tata,340.0,270.0,365.0,SUP004,Delhi,Supermarket,16200,2250.0,North,40.1,0.0,0,0,0,0,1,0,8,2.0,1.0,3.2857142857142856,11.87,19.0,33.0,0,18.9,0.0,0,0,Low,S02 (Delhi),P06 - Tea Gold,39,18.9,0.0%,Low,0,0.0
2026-08-20,S03,P09,2,332.5,5.0,1,34.0,0,2.0,32.0,25,3,Staples,Sunflower Oil 1L,Fortune,175.0,140.0,270.0,SUP006,Bengaluru,Express,6400,2250.0,South,25.0,94.0,0,0,0,0,3,0,8,0.0,0.0,0.8571428571428571,37.33,7.0,507.0,0,81.0,0.0,0,49,Low,S03 (Bengaluru),P09 - Sunflower Oil 1L,32,81.0,0.0%,Low,49,0.0
2026-08-08,S01,P09,3,525.0,0.0,0,36.0,0,3.0,33.0,25,3,Staples,Sunflower Oil 1L,Fortune,175.0,140.0,270.0,SUP006,Mumbai,Hypermarket,28500,3400.0,West,32.0,0.0,0,0,1,0,5,1,8,2.0,7.0,3.4285714285714284,9.62,8.0,46.0,0,23.6,0.0,0,0,Low,S01 (Mumbai),P09 - Sunflower Oil 1L,33,23.6,0.0%,Low,0,0.0
2026-08-14,S04,P09,0,0.0,0.0,0,29.0,0,0.0,29.0,25,3,Staples,Sunflower Oil 1L,Fortune,175.0,140.0,270.0,SUP006,Kolkata,Supermarket,14800,1850.0,East,32.7,10.6,0,0,0,0,4,0,8,0.0,3.0,4.0,7.25,4.0,8.0,0,26.6,0.0,0,0,Low,S04 (Kolkata),P09 - Sunflower Oil 1L,29,26.6,0.0%,Low,0,0.0
2026-08-08,S03,P01,11,689.7,5.0,1,49.0,0,11.0,38.0,40,1,Dairy,Fresh Milk,Amul,66.0,52.0,3.0,SUP001,Bengaluru,Express,6400,2250.0,South,26.9,22.0,0,0,1,0,5,1,8,9.0,9.0,5.857142857142857,6.49,-2.0,57.0,0,37.4,0.0,0,0,Low,S03 (Bengaluru),P01 - Fresh Milk,38,37.4,0.0%,Low,0,0.0
2026-08-15,S04,P08,2,832.0,20.0,1,25.0,0,2.0,23.0,20,4,Staples,Basmati Rice 5Kg,India Gate,520.0,415.0,365.0,SUP006,Kolkata,Supermarket,14800,1850.0,East,35.9,31.0,1,1,1,0,5,1,8,0.0,6.0,2.0,11.5,3.0,19.0,0,20.6,0.0,0,0,Low,S04 (Kolkata),P08 - Basmati Rice 5Kg,23,20.6,0.0%,Low,0,0.0
2026-08-18,S02,P04,7,1188.0,5.0,1,28.0,0,7.0,21.0,30,2,Produce,Royal Gala Apples,Farmfresh,180.0,130.0,12.0,SUP003,Delhi,Supermarket,16200,2250.0,North,40.1,0.0,0,0,0,0,1,0,8,4.0,3.0,6.714285714285714,3.13,-9.0,55.0,0,46.4,0.0,0,25,Low,S02 (Delhi),P04 - Royal Gala Apples,21,46.4,0.0%,Low,25,0.0
2026-08-09,S01,P06,10,3145.0,5.83,1,4.0,0,10.0,0.0,20,4,Beverages,Tea Gold,Tata,340.0,270.0,365.0,SUP004,Mumbai,Hypermarket,28500,3400.0,West,29.2,36.0,0,0,1,0,6,1,8,11.0,7.0,7.0,0.0,-20.0,29.0,1,43.5,0.95,1,44,High,S01 (Mumbai),P06 - Tea Gold,0,43.5,95.0%,High,44,14790.0
2026-08-12,S04,P03,7,297.0,6.0,1,71.0,0,7.0,64.0,45,1,Bakery,Whole Wheat Bread,Britannia,45.0,34.0,6.0,SUP002,Kolkata,Supermarket,14800,1850.0,East,35.6,0.0,0,0,0,0,2,0,8,13.0,9.0,9.714285714285714,6.59,19.0,335.0,0,89.0,0.0,0,25,Low,S04 (Kolkata),P03 - Whole Wheat Bread,64,89.0,0.0%,Low,25,0.0
2026-08-16,S03,P04,2,360.0,0.0,0,37.0,0,2.0,35.0,30,2,Produce,Royal Gala Apples,Farmfresh,180.0,130.0,12.0,SUP003,Bengaluru,Express,6400,2250.0,South,25.6,55.3,0,0,1,0,6,1,8,1.0,3.0,2.4285714285714284,14.41,5.0,11.0,0,12.7,0.0,0,0,Low,S03 (Bengaluru),P04 - Royal Gala Apples,35,12.7,0.0%,Low,0,0.0
2026-08-20,S02,P01,21,1323.3,5.83,1,73.0,0,21.0,52.0,40,1,Dairy,Fresh Milk,Amul,66.0,52.0,3.0,SUP001,Delhi,Supermarket,16200,2250.0,North,34.7,46.4,0,0,0,0,3,0,8,14.0,27.0,28.142857142857142,1.85,12.0,213.0,0,184.9,0.0,0,133,Low,S02 (Delhi),P01 - Fresh Milk,52,184.9,0.0%,Low,133,0.0
2026-08-10,S04,P08,2,988.0,5.0,1,31.0,0,2.0,29.0,20,4,Staples,Basmati Rice 5Kg,India Gate,520.0,415.0,365.0,SUP006,Kolkata,Supermarket,14800,1850.0,East,32.4,30.1,0,0,0,0,0,0,8,2.0,0.0,2.142857142857143,13.53,9.0,12.0,0,18.0,0.0,0,0,Low,S04 (Kolkata),P08 - Basmati Rice 5Kg,29,18.0,0.0%,Low,0,0.0
2026-08-15,S03,P07,1,112.5,10.0,1,42.0,0,1.0,41.0,25,5,Personal Care,Antiseptic Soap,Dettol,125.0,95.0,730.0,SUP005,Bengaluru,Express,6400,2250.0,South,25.9,37.9,1,1,1,0,5,1,8,2.0,0.0,0.8571428571428571,47.83,16.0,3.0,0,29.2,0.0,0,0,Low,S03 (Bengaluru),P07 - Antiseptic Soap,41,29.2,0.0%,Low,0,0.0
2026-08-24,S04,P01,2,132.0,0.0,0,47.0,0,2.0,45.0,40,1,Dairy,Fresh Milk,Amul,66.0,52.0,3.0,SUP001,Kolkata,Supermarket,14800,1850.0,East,29.8,0.0,0,0,0,0,0,0,8,10.0,7.0,9.428571428571429,4.77,5.0,51.0,0,93.0,0.0,0,48,Low,S04 (Kolkata),P01 - Fresh Milk,45,93.0,0.0%,Low,48,0.0
2026-08-15,S01,P03,45,1894.5,5.83,1,116.0,0,45.0,71.0,45,1,Bakery,Whole Wheat Bread,Britannia,45.0,34.0,6.0,SUP002,Mumbai,Hypermarket,28500,3400.0,West,29.4,0.0,1,1,1,0,5,1,8,18.0,22.0,17.857142857142858,3.98,26.0,137.0,0,158.9,0.0,0,88,Low,S01 (Mumbai),P03 - Whole Wheat Bread,71,158.9,0.0%,Low,88,0.0
2026-08-19,S04,P01,5,330.0,0.0,0,95.0,0,5.0,90.0,40,1,Dairy,Fresh Milk,Amul,66.0,52.0,3.0,SUP001,Kolkata,Supermarket,14800,1850.0,East,32.2,23.2,0,0,0,0,2,0,8,11.0,5.0,12.142857142857142,7.41,50.0,58.0,0,138.7,0.0,0,49,Low,S04 (Kolkata),P01 - Fresh Milk,90,138.7,0.0%,Low,49,0.0
2026-08-14,S01,P07,5,618.75,1.67,1,43.0,0,5.0,38.0,25,5,Personal Care,Antiseptic Soap,Dettol,125.0,95.0,730.0,SUP005,Mumbai,Hypermarket,28500,3400.0,West,31.4,36.9,0,0,0,0,4,0,8,0.0,0.0,6.0,6.33,13.0,26.0,0,43.2,0.0,0,5,Low,S01 (Mumbai),P07 - Antiseptic Soap,38,43.2,0.0%,Low,5,0.0
2026-08-16,S03,P03,4,162.0,10.0,1,108.0,0,4.0,104.0,45,1,Bakery,Whole Wheat Bread,Britannia,45.0,34.0,6.0,SUP002,Bengaluru,Express,6400,2250.0,South,25.6,55.3,0,0,1,0,6,1,8,8.0,2.0,3.7142857142857135,28.0,59.0,30.0,0,29.2,0.0,0,0,Low,S03 (Bengaluru),P03 - Whole Wheat Bread,104,29.2,0.0%,Low,0,0.0
2026-08-13,S01,P04,12,1989.0,5.71,1,121.0,0,12.0,109.0,30,2,Produce,Royal Gala Apples,Farmfresh,180.0,130.0,12.0,SUP003,Mumbai,Hypermarket,28500,3400.0,West,27.3,65.7,0,0,0,0,3,0,8,7.0,4.0,43.285714285714285,2.52,79.0,79.0,0,94.2,0.0,0,0,Low,S01 (Mumbai),P04 - Royal Gala Apples,109,94.2,0.0%,Low,0,0.0
2026-08-15,S02,P03,28,1181.25,7.33,1,72.0,0,28.0,44.0,45,1,Bakery,Whole Wheat Bread,Britannia,45.0,34.0,6.0,SUP002,Delhi,Supermarket,16200,2250.0,North,33.8,0.0,1,1,1,0,5,1,8,6.0,19.0,12.857142857142858,3.42,-1.0,100.0,0,106.7,0.0,0,63,Low,S02 (Delhi),P03 - Whole Wheat Bread,44,106.7,0.0%,Low,63,0.0
2026-08-18,S02,P08,1,520.0,0.0,0,27.0,0,1.0,26.0,20,4,Staples,Basmati Rice 5Kg,India Gate,520.0,415.0,365.0,SUP006,Delhi,Supermarket,16200,2250.0,North,40.1,0.0,0,0,0,0,1,0,8,6.0,4.0,3.4285714285714284,7.58,6.0,19.0,0,24.4,0.0,0,0,Low,S02 (Delhi),P08 - Basmati Rice 5Kg,26,24.4,0.0%,Low,0,0.0
2026-08-10,S02,P08,0,0.0,0.0,0,9.0,0,0.0,9.0,20,4,Staples,Basmati Rice 5Kg,India Gate,520.0,415.0,365.0,SUP006,Delhi,Supermarket,16200,2250.0,North,33.9,0.0,0,0,0,0,0,0,8,1.0,2.0,3.571428571428572,2.52,-11.0,24.0,0,26.0,0.0,0,17,Low,S02 (Delhi),P08 - Basmati Rice 5Kg,9,26.0,0.0%,Low,17,0.0
2026-08-16,S04,P05,7,280.0,0.0,0,128.0,0,7.0,121.0,50,2,Produce,Organic Potatoes,Greenfields,40.0,25.0,12.0,SUP003,Kolkata,Supermarket,14800,1850.0,East,32.4,24.8,0,0,1,0,6,1,8,3.0,7.0,5.571428571428571,21.72,71.0,35.0,0,38.8,0.0,0,0,Low,S04 (Kolkata),P05 - Organic Potatoes,121,38.8,0.0%,Low,0,0.0
2026-08-16,S04,P03,13,573.75,1.88,1,116.0,0,13.0,103.0,45,1,Bakery,Whole Wheat Bread,Britannia,45.0,34.0,6.0,SUP002,Kolkata,Supermarket,14800,1850.0,East,32.4,24.8,0,0,1,0,6,1,8,19.0,13.0,12.142857142857142,8.48,58.0,316.0,0,114.8,0.0,0,12,Low,S04 (Kolkata),P03 - Whole Wheat Bread,103,114.8,0.0%,Low,12,0.0
2026-08-21,S04,P01,16,957.0,10.0,1,84.0,0,16.0,68.0,40,1,Dairy,Fresh Milk,Amul,66.0,52.0,3.0,SUP001,Kolkata,Supermarket,14800,1850.0,East,32.9,0.0,0,0,0,1,4,0,8,6.0,10.0,10.571428571428571,6.43,28.0,50.0,0,90.2,0.0,0,22,Low,S04 (Kolkata),P01 - Fresh Milk,68,90.2,0.0%,Low,22,0.0
2026-08-22,S01,P08,8,3822.0,8.33,1,41.0,0,8.0,33.0,20,4,Staples,Basmati Rice 5Kg,India Gate,520.0,415.0,365.0,SUP006,Mumbai,Hypermarket,28500,3400.0,West,29.1,20.9,0,0,1,0,5,1,8,1.0,4.0,2.4285714285714284,13.59,13.0,27.0,0,20.4,0.0,0,0,Low,S01 (Mumbai),P08 - Basmati Rice 5Kg,33,20.4,0.0%,Low,0,0.0
2026-08-15,S01,P02,10,2653.75,3.89,1,21.0,0,10.0,11.0,25,3,Dairy,Butter,Amul,275.0,235.0,180.0,SUP001,Mumbai,Hypermarket,28500,3400.0,West,29.4,0.0,1,1,1,0,5,1,8,8.0,91.0,17.714285714285715,0.62,-14.0,48.0,0,161.7,0.0,0,151,Low,S01 (Mumbai),P02 - Butter,11,161.7,0.0%,Low,151,0.0
2026-08-23,S02,P08,2,1040.0,0.0,0,13.0,0,2.0,11.0,20,4,Staples,Basmati Rice 5Kg,India Gate,520.0,415.0,365.0,SUP006,Delhi,Supermarket,16200,2250.0,North,33.3,0.0,0,0,1,0,6,1,8,7.0,1.0,3.0,3.67,-9.0,16.0,0,20.3,0.0,0,9,Low,S02 (Delhi),P08 - Basmati Rice 5Kg,11,20.3,0.0%,Low,9,0.0
2026-08-20,S01,P09,5,805.0,5.0,1,27.0,0,5.0,22.0,25,3,Staples,Sunflower Oil 1L,Fortune,175.0,140.0,270.0,SUP006,Mumbai,Hypermarket,28500,3400.0,West,32.0,0.0,0,0,0,0,3,0,8,0.0,4.0,6.428571428571429,3.42,-3.0,36.0,0,40.8,0.0,0,19,Low,S01 (Mumbai),P09 - Sunflower Oil 1L,22,40.8,0.0%,Low,19,0.0
2026-08-17,S02,P03,10,418.5,6.67,1,115.0,0,10.0,105.0,45,1,Bakery,Whole Wheat Bread,Britannia,45.0,34.0,6.0,SUP002,Delhi,Supermarket,16200,2250.0,North,36.4,22.5,0,0,0,0,0,0,8,19.0,8.0,14.714285714285714,7.14,60.0,88.0,0,110.2,0.0,0,5,Low,S02 (Delhi),P03 - Whole Wheat Bread,105,110.2,0.0%,Low,5,0.0
2026-08-24,S02,P06,4,1326.0,5.0,1,18.0,0,4.0,14.0,20,4,Beverages,Tea Gold,Tata,340.0,270.0,365.0,SUP004,Delhi,Supermarket,16200,2250.0,North,32.1,0.0,0,0,0,0,0,0,8,4.0,2.0,3.4285714285714284,4.08,-6.0,39.0,0,25.3,0.0,0,11,Low,S02 (Delhi),P06 - Tea Gold,14,25.3,0.0%,Low,11,0.0
2026-08-16,S01,P07,0,0.0,0.0,0,29.0,0,0.0,29.0,25,5,Personal Care,Antiseptic Soap,Dettol,125.0,95.0,730.0,SUP005,Mumbai,Hypermarket,28500,3400.0,West,29.1,75.8,0,0,1,0,6,1,8,9.0,4.0,7.285714285714286,3.98,4.0,28.0,0,44.0,0.0,0,15,Low,S01 (Mumbai),P07 - Antiseptic Soap,29,44.0,0.0%,Low,15,0.0
2026-08-22,S01,P05,13,496.0,4.5,1,179.0,120,13.0,286.0,50,2,Produce,Organic Potatoes,Greenfields,40.0,25.0,12.0,SUP003,Mumbai,Hypermarket,28500,3400.0,West,29.1,20.9,0,0,1,0,5,1,8,15.0,33.0,89.14285714285714,3.21,236.0,112.0,0,284.5,0.0,0,0,Low,S01 (Mumbai),P05 - Organic Potatoes,286,284.5,0.0%,Low,0,0.0
2026-08-08,S01,P04,257,43911.0,6.67,1,81.0,0,257.0,0.0,30,2,Produce,Royal Gala Apples,Farmfresh,180.0,130.0,12.0,SUP003,Mumbai,Hypermarket,28500,3400.0,West,32.0,0.0,0,0,1,0,5,1,8,15.0,12.0,7.714285714285714,0.0,-30.0,66.0,1,47.5,1.0,1,48,High,S01 (Mumbai),P04 - Royal Gala Apples,0,47.5,100.0%,High,48,8550.0
2026-08-11,S03,P06,1,340.0,0.0,0,40.0,0,1.0,39.0,20,4,Beverages,Tea Gold,Tata,340.0,270.0,365.0,SUP004,Bengaluru,Express,6400,2250.0,South,24.5,0.0,0,0,0,0,1,0,8,2.0,3.0,1.1428571428571428,34.12,19.0,10.0,0,153.1,0.0,0,114,Low,S03 (Bengaluru),P06 - Tea Gold,39,153.1,0.0%,Low,114,0.0
2026-08-16,S04,P04,10,1629.0,8.0,1,80.0,0,10.0,70.0,30,2,Produce,Royal Gala Apples,Farmfresh,180.0,130.0,12.0,SUP003,Kolkata,Supermarket,14800,1850.0,East,32.4,24.8,0,0,1,0,6,1,8,5.0,7.0,3.4285714285714284,20.42,40.0,18.0,0,24.5,0.0,0,0,Low,S04 (Kolkata),P04 - Royal Gala Apples,70,24.5,0.0%,Low,0,0.0
