date,city,temp_c,rain_mm,holiday,festival,weekend,local_event
2026-08-01,Mumbai,30.4,27.6,0,0,1,0
2026-08-01,Delhi,33.0,3.7,0,0,1,0
2026-08-01,Bengaluru,29.2,100.1,0,0,1,0
2026-08-01,Kolkata,32.4,7.6,0,0,1,0
2026-08-02,Mumbai,29.9,11.6,0,0,1,0
2026-08-02,Delhi,29.8,11.7,0,0,1,0
2026-08-02,Bengaluru,,22.2,0,0,1,0
2026-08-02,Kolkata,30.6,28.2,0,0,1,0
2026-08-03,Mumbai,28.4,,0,0,0,0
2026-08-03,Delhi,32.7,0.0,0,0,0,1
2026-08-03,Bengaluru,26.0,0.0,0,0,0,0
2026-08-03,Kolkata,31.7,24.2,0,0,0,0
2026-08-04,Mumbai,30.8,8.1,0,0,0,1
2026-08-04,Delhi,33.5,15.8,0,0,0,0
2026-08-04,Bengaluru,25.6,23.9,0,0,0,0
2026-08-04,Kolkata,32.9,0.0,0,0,0,1
2026-08-05,Mumbai,30.5,43.3,0,0,0,1
2026-08-05,Delhi,34.8,5.4,0,0,0,0
2026-08-05,Bengaluru,23.7,12.4,0,0,0,0
2026-08-05,Kolkata,33.0,0.0,0,0,0,0
2026-08-06,Mumbai,29.4,37.0,0,0,0,0
2026-08-06,Delhi,35.0,0.0,0,0,0,0
2026-08-06,Bengaluru,32.5,0.0,0,0,0,1
2026-08-06,Kolkata,29.3,2.9,0,0,0,0
2026-08-07,Mumbai,29.7,0.0,0,0,0,0
2026-08-07,Delhi,29.6,0.0,0,0,0,0
2026-08-07,Bengaluru,24.9,0.0,0,0,0,0
2026-08-07,Kolkata,30.1,59.4,0,0,0,0
2026-08-08,Mumbai,32.0,0.0,0,0,1,0
2026-08-08,Delhi,33.5,9.2,0,0,1,0
2026-08-08,Bengaluru,26.9,22.0,0,0,1,0
2026-08-08,Kolkata,31.5,5.6,0,0,1,0
2026-08-09,Mumbai,29.2,36.0,0,0,1,0
2026-08-09,Delhi,33.9,0.0,0,0,1,0
2026-08-09,Bengaluru,26.4,11.4,0,0,1,1
2026-08-09,Kolkata,28.0,21.6,0,0,1,1
2026-08-10,Mumbai,30.4,6.4,0,0,0,0
2026-08-10,Delhi,,0.0,0,0,0,0
2026-08-10,Bengaluru,28.5,38.5,0,0,0,0
2026-08-10,Kolkata,32.4,30.1,0,0,0,0
2026-08-11,Mumbai,27.7,27.0,0,0,0,0
2026-08-11,Delhi,32.2,22.1,0,0,0,0
2026-08-11,Bengaluru,24.5,0.0,0,0,0,0
2026-08-11,Kolkata,31.9,0.0,0,0,0,0
2026-08-12,Mumbai,28.1,0.0,0,0,0,0
2026-08-12,Delhi,32.6,32.2,0,0,0,0
2026-08-12,Bengaluru,28.9,4.7,0,0,0,0
2026-08-12,Kolkata,35.6,0.0,0,0,0,0
2026-08-13,Mumbai,27.3,65.7,0,0,0,0
2026-08-13,Delhi,30.8,0.0,0,0,0,0
2026-08-13,Bengaluru,26.8,5.0,0,0,0,0
2026-08-13,Kolkata,32.5,6.9,0,0,0,0
2026-08-14,Mumbai,31.4,36.9,0,0,0,0
2026-08-14,Delhi,-12.0,40.4,0,0,0,0
2026-08-14,Bengaluru,27.2,0.0,0,0,0,1
2026-08-14,Kolkata,32.7,10.6,0,0,0,0
2026-08-15,Mumbai,29.4,0.0,1,1,1,0
2026-08-15,Delhi,33.8,0.0,1,1,1,0
2026-08-15,Bengaluru,25.9,37.9,1,1,1,0
2026-08-15,Kolkata,35.9,31.0,1,1,1,0
2026-08-16,Mumbai,29.1,75.8,0,0,1,0
2026-08-16,Delhi,34.5,0.0,0,0,1,0
2026-08-16,Bengaluru,25.6,55.3,0,0,1,0
2026-08-16,Kolkata,32.4,24.8,0,0,1,0
2026-08-17,Mumbai,30.6,28.7,0,0,0,0
2026-08-17,Delhi,36.4,22.5,0,0,0,0
2026-08-17,Bengaluru,28.0,0.0,0,0,0,0
2026-08-17,Kolkata,32.9,48.4,0,0,0,0
2026-08-18,Mumbai,30.4,0.0,0,0,0,0
2026-08-18,Delhi,40.1,0.0,0,0,0,0
2026-08-18,Bengaluru,88.5,4.8,0,0,0,0
2026-08-18,Kolkata,,19.5,0,0,0,0
2026-08-19,Mumbai,30.7,3.1,0,0,0,0
2026-08-19,Delhi,30.3,5.8,0,0,0,0
2026-08-19,Bengaluru,25.1,0.0,0,0,0,1
2026-08-19,Kolkata,32.2,23.2,0,0,0,0
2026-08-20,Mumbai,32.0,0.0,0,0,0,0
2026-08-20,Delhi,34.7,46.4,0,0,0,0
2026-08-20,Bengaluru,25.0,94.0,0,0,0,0
2026-08-20,Kolkata,30.8,0.0,0,0,0,0
2026-08-21,Mumbai,28.9,24.3,0,0,0,0
2026-08-21,Delhi,32.6,0.0,0,0,0,0
2026-08-21,Bengaluru,30.2,10.0,0,0,0,0
2026-08-21,Kolkata,32.9,0.0,0,0,0,1
2026-08-22,Mumbai,29.1,20.9,0,0,1,0
2026-08-22,Delhi,36.6,17.9,0,0,1,0
2026-08-22,Bengaluru,29.2,15.1,0,0,1,0
2026-08-22,Kolkata,33.4,-25.0,0,0,1,0
2026-08-23,Mumbai,29.1,80.9,0,0,1,0
2026-08-23,Delhi,33.3,0.0,0,0,1,0
2026-08-23,Bengaluru,30.2,0.0,0,0,1,0
2026-08-23,Kolkata,27.5,0.0,0,0,1,0
2026-08-24,Mumbai,30.0,12.8,0,0,0,0
2026-08-24,Delhi,32.1,,0,0,0,0
2026-08-24,Bengaluru,27.0,0.0,0,0,0,0
2026-08-24,Kolkata,29.8,0.0,0,0,0,0
2026-08-25,Mumbai,28.0,0.0,0,0,0,0
2026-08-25,Delhi,32.2,0.0,0,0,0,0
2026-08-25,Bengaluru,28.7,76.8,0,0,0,0
2026-08-25,Kolkata,29.9,40.9,0,0,0,0
2026-08-26,Mumbai,31.8,65.2,0,0,0,0
2026-08-26,Delhi,33.2,68.0,0,0,0,1
2026-08-26,Bengaluru,27.0,0.0,0,0,0,0
2026-08-26,Kolkata,30.8,18.7,0,0,0,0
2026-08-27,Mumbai,31.7,0.0,0,0,0,0
2026-08-27,Delhi,31.0,0.0,0,0,0,1
2026-08-27,Bengaluru,25.1,0.0,0,0,0,0
2026-08-27,Kolkata,31.0,,0,0,0,0
2026-08-28,Mumbai,30.6,4.5,0,1,0,0
2026-08-28,Delhi,35.6,50.3,0,1,0,0
2026-08-28,Bengaluru,28.5,0.0,0,1,0,0
2026-08-28,Kolkata,30.1,0.0,0,1,0,0
2026-08-29,Mumbai,25.8,0.0,0,0,1,1
2026-08-29,Delhi,36.0,0.0,0,0,1,1
2026-08-29,Bengaluru,25.2,5.5,0,0,1,0
2026-08-29,Kolkata,30.9,0.0,0,0,1,0
2026-08-30,Mumbai,29.3,58.8,0,0,1,0
2026-08-30,Delhi,33.9,0.0,0,0,1,1
2026-08-30,Bengaluru,26.5,0.0,0,0,1,1
2026-08-30,Kolkata,32.8,99.5,0,0,1,0
2026-08-31,Mumbai,32.1,29.7,0,0,0,0
2026-08-31,Delhi,34.9,0.0,0,0,0,1
2026-08-31,Bengaluru,26.2,0.0,0,0,0,0
2026-08-31,Kolkata,32.8,19.4,0,0,0,0
