date,store_id,product_id,opening,received,sold,closing,reorder_lvl,lead_days
2026-08-01,S01,P01,90.0,0,25.0,-15.0,40,1
2026-08-02,S01,P01,65.0,0,31.0,34.0,40,1
2026-08-03,S01,P01,34.0,100,16.0,118.0,40,1
2026-08-04,S01,P01,118.0,0,21.0,97.0,40,1
2026-08-05,S01,P01,97.0,0,20.0,77.0,40,1
2026-08-06,S01,P01,77.0,0,23.0,54.0,40,1
2026-08-07,S01,P01,54.0,0,11.0,43.0,40,1
2026-08-08,S01,P01,43.0,0,23.0,20.0,40,1
2026-08-09,S01,P01,20.0,100,23.0,97.0,40,1
2026-08-10,S01,P01,97.0,0,16.0,81.0,40,1
2026-08-11,S01,P01,81.0,0,18.0,63.0,40,1
2026-08-12,S01,P01,63.0,0,29.0,34.0,40,1
2026-08-13,S01,P01,34.0,100,7.0,127.0,40,1
2026-08-14,S01,P01,127.0,0,11.0,116.0,40,1
2026-08-15,S01,P01,116.0,0,38.0,78.0,40,1
2026-08-16,S01,P01,78.0,0,37.0,41.0,40,1
2026-08-17,S01,P01,41.0,0,17.0,24.0,40,1
2026-08-18,S01,P01,24.0,100,13.0,111.0,40,1
2026-08-19,S01,P01,111.0,0,19.0,92.0,40,1
2026-08-20,S01,P01,92.0,0,6.0,86.0,40,1
2026-08-21,S01,P01,86.0,0,15.0,71.0,40,1
2026-08-22,S01,P01,71.0,0,149.0,-78.0,40,1
2026-08-23,S01,P01,-78.0,100,42.0,-20.0,40,1
2026-08-24,S01,P01,-20.0,100,14.0,66.0,40,1
2026-08-25,S01,P01,66.0,0,24.0,42.0,40,1
2026-08-26,S01,P01,42.0,0,23.0,19.0,40,1
2026-08-27,S01,P01,19.0,100,,100.0,40,1
2026-08-28,S01,P01,100.0,0,49.0,51.0,40,1
2026-08-29,S01,P01,51.0,0,20.0,31.0,40,1
2026-08-30,S01,P01,31.0,100,28.0,103.0,40,1
2026-08-31,S01,P01,103.0,0,21.0,82.0,40,1
2026-08-01,S01,P02,70.0,0,7.0,63.0,25,3
2026-08-02,S01,P02,,0,10.0,53.0,25,3
2026-08-03,S01,P02,53.0,0,4.0,49.0,25,3
2026-08-04,S01,P02,49.0,0,7.0,42.0,25,3
2026-08-05,S01,P02,42.0,0,2.0,40.0,25,3
2026-08-06,S01,P02,40.0,0,4.0,36.0,25,3
2026-08-07,S01,P02,36.0,0,11.0,25.0,25,3
2026-08-08,S01,P02,25.0,0,91.0,-66.0,25,3
2026-08-09,S01,P02,-66.0,0,10.0,-76.0,25,3
2026-08-10,S01,P02,-76.0,60,2.0,-18.0,25,3
2026-08-11,S01,P02,-18.0,0,5.0,-23.0,25,3
2026-08-12,S01,P02,-23.0,0,2.0,-25.0,25,3
2026-08-13,S01,P02,-25.0,60,6.0,29.0,25,3
2026-08-14,S01,P02,29.0,0,8.0,21.0,25,3
2026-08-15,S01,P02,21.0,0,10.0,11.0,25,3
2026-08-16,S01,P02,11.0,0,8.0,3.0,25,3
2026-08-17,S01,P02,3.0,60,2.0,61.0,25,3
2026-08-18,S01,P02,61.0,0,5.0,56.0,25,3
2026-08-19,S01,P02,56.0,0,1.0,55.0,25,3
2026-08-20,S01,P02,55.0,0,9.0,46.0,25,3
2026-08-21,S01,P02,46.0,0,11.0,35.0,25,3
2026-08-22,S01,P02,35.0,0,12.0,23.0,25,3
2026-08-23,S01,P02,23.0,0,8.0,15.0,25,3
2026-08-24,S01,P02,,0,11.0,4.0,25,3
2026-08-25,S01,P02,4.0,60,6.0,58.0,25,3
2026-08-26,S01,P02,58.0,0,6.0,52.0,25,3
2026-08-27,S01,P02,52.0,0,10.0,42.0,25,3
2026-08-28,S01,P02,42.0,0,7.0,35.0,25,3
2026-08-29,S01,P02,35.0,0,4.0,31.0,25,3
2026-08-30,S01,P02,31.0,0,14.0,17.0,25,3
2026-08-31,S01,P02,17.0,0,6.0,11.0,25,3
2026-08-01,S01,P03,80.0,0,93.0,-13.0,45,1
2026-08-02,S01,P03,-13.0,90,26.0,51.0,45,1
2026-08-03,S01,P03,51.0,0,16.0,35.0,45,1
2026-08-04,S01,P03,35.0,90,22.0,103.0,45,1
2026-08-05,S01,P03,103.0,0,13.0,90.0,45,1
2026-08-06,S01,P03,,0,15.0,75.0,45,1
2026-08-07,S01,P03,75.0,0,14.0,61.0,45,1
2026-08-08,S01,P03,61.0,0,22.0,39.0,45,1
2026-08-09,S01,P03,39.0,90,19.0,110.0,45,1
2026-08-10,S01,P03,,0,16.0,94.0,45,1
2026-08-11,S01,P03,94.0,0,21.0,73.0,45,1
2026-08-12,S01,P03,73.0,0,11.0,62.0,45,1
2026-08-13,S01,P03,62.0,0,18.0,44.0,45,1
2026-08-14,S01,P03,44.0,90,18.0,116.0,45,1
2026-08-15,S01,P03,116.0,0,45.0,71.0,45,1
2026-08-16,S01,P03,71.0,0,20.0,-3.0,45,1
2026-08-17,S01,P03,,0,19.0,32.0,45,1
2026-08-18,S01,P03,32.0,90,8.0,114.0,45,1
2026-08-19,S01,P03,114.0,0,31.0,83.0,45,1
2026-08-20,S01,P03,83.0,0,16.0,67.0,45,1
2026-08-21,S01,P03,67.0,0,12.0,55.0,45,1
2026-08-22,S01,P03,55.0,0,32.0,23.0,45,1
2026-08-23,S01,P03,23.0,90,18.0,95.0,45,1
2026-08-24,S01,P03,95.0,0,14.0,81.0,45,1
2026-08-25,S01,P03,81.0,0,12.0,69.0,45,1
2026-08-26,S01,P03,69.0,0,25.0,44.0,45,1
2026-08-27,S01,P03,44.0,90,14.0,120.0,45,1
2026-08-28,S01,P03,120.0,0,34.0,86.0,45,1
2026-08-29,S01,P03,86.0,0,15.0,71.0,45,1
2026-08-30,S01,P03,71.0,0,18.0,,45,1
2026-08-31,S01,P03,53.0,0,14.0,39.0,45,1
2026-08-01,S01,P04,65.0,0,12.0,53.0,30,2
2026-08-02,S01,P04,53.0,0,1.0,52.0,30,2
2026-08-03,S01,P04,52.0,0,6.0,46.0,30,2
2026-08-04,S01,P04,46.0,0,14.0,32.0,30,2
2026-08-05,S01,P04,32.0,0,2.0,30.0,30,2
2026-08-06,S01,P04,30.0,0,4.0,-15.0,30,2
2026-08-07,S01,P04,26.0,70,15.0,81.0,30,2
2026-08-08,S01,P04,81.0,0,257.0,-176.0,30,2
2026-08-09,S01,P04,-176.0,0,8.0,-184.0,30,2
2026-08-10,S01,P04,-184.0,70,11.0,-125.0,30,2
2026-08-11,S01,P04,-125.0,0,1.0,-126.0,30,2
2026-08-12,S01,P04,-126.0,70,7.0,-63.0,30,2
2026-08-13,S01,P04,-63.0,0,12.0,-75.0,30,2
2026-08-14,S01,P04,-75.0,70,12.0,-17.0,30,2
2026-08-15,S01,P04,-17.0,0,15.0,-32.0,30,2
2026-08-16,S01,P04,-32.0,70,10.0,28.0,30,2
2026-08-17,S01,P04,28.0,0,8.0,20.0,30,2
2026-08-18,S01,P04,20.0,70,6.0,84.0,30,2
2026-08-19,S01,P04,84.0,0,20.0,64.0,30,2
2026-08-20,S01,P04,64.0,0,8.0,56.0,30,2
2026-08-21,S01,P04,56.0,0,11.0,45.0,30,2
2026-08-22,S01,P04,45.0,0,4.0,41.0,30,2
2026-08-23,S01,P04,41.0,0,9.0,32.0,30,2
2026-08-24,S01,P04,32.0,0,7.0,25.0,30,2
2026-08-25,S01,P04,25.0,0,5.0,20.0,30,2
2026-08-26,S01,P04,20.0,70,7.0,83.0,30,2
2026-08-27,S01,P04,83.0,0,4.0,79.0,30,2
2026-08-28,S01,P04,79.0,0,14.0,65.0,30,2
2026-08-29,S01,P04,65.0,0,5.0,60.0,30,2
2026-08-30,S01,P04,60.0,0,2.0,58.0,30,2
2026-08-31,S01,P04,58.0,0,15.0,43.0,30,2
2026-08-01,S01,P05,110.0,0,9.0,101.0,50,2
2026-08-02,S01,P05,101.0,0,29.0,72.0,50,2
2026-08-03,S01,P05,72.0,0,14.0,58.0,50,2
2026-08-04,S01,P05,58.0,0,11.0,47.0,50,2
2026-08-05,S01,P05,47.0,0,5.0,42.0,50,2
2026-08-06,S01,P05,42.0,120,84.0,78.0,50,2
2026-08-07,S01,P05,78.0,0,11.0,67.0,50,2
2026-08-08,S01,P05,67.0,0,519.0,-452.0,50,2
2026-08-09,S01,P05,-452.0,0,21.0,-473.0,50,2
2026-08-10,S01,P05,-473.0,120,5.0,-358.0,50,2
2026-08-11,S01,P05,-358.0,0,12.0,-370.0,50,2
2026-08-12,S01,P05,-370.0,120,4.0,-254.0,50,2
2026-08-13,S01,P05,-254.0,0,24.0,-278.0,50,2
2026-08-14,S01,P05,-278.0,120,9.0,-167.0,50,2
2026-08-15,S01,P05,-167.0,0,33.0,-200.0,50,2
2026-08-16,S01,P05,-200.0,120,522.0,-602.0,50,2
2026-08-17,S01,P05,-602.0,0,8.0,-610.0,50,2
2026-08-18,S01,P05,-610.0,120,6.0,-496.0,50,2
2026-08-19,S01,P05,-496.0,0,20.0,-516.0,50,2
2026-08-20,S01,P05,-516.0,120,20.0,-416.0,50,2
2026-08-21,S01,P05,-416.0,0,15.0,-431.0,50,2
2026-08-22,S01,P05,-431.0,120,13.0,-324.0,50,2
2026-08-23,S01,P05,-324.0,0,17.0,-341.0,50,2
2026-08-24,S01,P05,-341.0,120,20.0,-241.0,50,2
2026-08-25,S01,P05,-241.0,0,1.0,-242.0,50,2
2026-08-26,S01,P05,-242.0,120,10.0,-132.0,50,2
2026-08-27,S01,P05,-132.0,0,15.0,-147.0,50,2
2026-08-28,S01,P05,-147.0,120,31.0,-58.0,50,2
2026-08-29,S01,P05,-58.0,0,18.0,-76.0,50,2
2026-08-30,S01,P05,-76.0,120,16.0,28.0,50,2
2026-08-31,S01,P05,28.0,0,9.0,19.0,50,2
2026-08-01,S01,P06,55.0,0,2.0,53.0,20,4
2026-08-02,S01,P06,53.0,0,7.0,46.0,20,4
2026-08-03,S01,P06,46.0,0,6.0,40.0,20,4
2026-08-04,S01,P06,40.0,0,7.0,33.0,20,4
2026-08-05,S01,P06,33.0,0,9.0,24.0,20,4
2026-08-06,S01,P06,24.0,0,5.0,19.0,20,4
2026-08-07,S01,P06,19.0,0,4.0,15.0,20,4
2026-08-08,S01,P06,15.0,0,11.0,4.0,20,4
2026-08-09,S01,P06,4.0,0,10.0,-6.0,20,4
2026-08-10,S01,P06,-6.0,50,2.0,42.0,20,4
2026-08-11,S01,P06,42.0,0,2.0,40.0,20,4
2026-08-12,S01,P06,40.0,0,3.0,37.0,20,4
2026-08-13,S01,P06,37.0,0,4.0,33.0,20,4
2026-08-14,S01,P06,33.0,0,5.0,28.0,20,4
2026-08-15,S01,P06,28.0,0,5.0,23.0,20,4
2026-08-16,S01,P06,23.0,0,8.0,15.0,20,4
2026-08-17,S01,P06,15.0,0,0.0,15.0,20,4
2026-08-18,S01,P06,15.0,0,5.0,10.0,20,4
2026-08-19,S01,P06,10.0,0,10.0,0.0,20,4
2026-08-20,S01,P06,0.0,50,6.0,44.0,20,4
2026-08-21,S01,P06,44.0,0,4.0,40.0,20,4
2026-08-22,S01,P06,40.0,0,6.0,34.0,20,4
2026-08-23,S01,P06,34.0,0,9.0,25.0,20,4
2026-08-24,S01,P06,25.0,0,5.0,20.0,20,4
2026-08-25,S01,P06,20.0,0,5.0,15.0,20,4
2026-08-26,S01,P06,15.0,0,8.0,7.0,20,4
2026-08-27,S01,P06,7.0,0,5.0,-8.0,20,4
2026-08-28,S01,P06,2.0,50,9.0,43.0,20,4
2026-08-29,S01,P06,43.0,0,7.0,36.0,20,4
2026-08-30,S01,P06,36.0,0,1.0,35.0,20,4
2026-08-31,S01,P06,35.0,0,3.0,32.0,20,4
2026-08-01,S01,P07,60.0,0,10.0,50.0,25,5
2026-08-02,S01,P07,50.0,0,11.0,39.0,25,5
2026-08-03,S01,P07,39.0,0,9.0,30.0,25,5
2026-08-04,S01,P07,30.0,0,2.0,28.0,25,5
2026-08-05,S01,P07,28.0,0,1.0,27.0,25,5
2026-08-06,S01,P07,27.0,0,2.0,25.0,25,5
2026-08-07,S01,P07,25.0,0,0.0,25.0,25,5
2026-08-08,S01,P07,25.0,0,5.0,20.0,25,5
2026-08-09,S01,P07,20.0,0,4.0,16.0,25,5
2026-08-10,S01,P07,16.0,0,5.0,11.0,25,5
2026-08-11,S01,P07,11.0,60,10.0,61.0,25,5
2026-08-12,S01,P07,61.0,0,18.0,43.0,25,5
2026-08-13,S01,P07,43.0,0,0.0,43.0,25,5
2026-08-14,S01,P07,43.0,0,5.0,38.0,25,5
2026-08-15,S01,P07,38.0,0,9.0,29.0,25,5
2026-08-16,S01,P07,29.0,0,0.0,29.0,25,5
2026-08-17,S01,P07,29.0,0,2.0,27.0,25,5
2026-08-18,S01,P07,27.0,0,0.0,27.0,25,5
2026-08-19,S01,P07,27.0,0,6.0,21.0,25,5
2026-08-20,S01,P07,21.0,0,3.0,18.0,25,5
2026-08-21,S01,P07,18.0,0,6.0,12.0,25,5
2026-08-22,S01,P07,12.0,0,5.0,7.0,25,5
2026-08-23,S01,P07,7.0,0,6.0,1.0,25,5
2026-08-24,S01,P07,1.0,60,1.0,60.0,25,5
2026-08-25,S01,P07,60.0,0,5.0,55.0,25,5
2026-08-26,S01,P07,55.0,0,4.0,51.0,25,5
2026-08-27,S01,P07,51.0,0,2.0,49.0,25,5
2026-08-28,S01,P07,49.0,0,5.0,44.0,25,5
2026-08-29,S01,P07,44.0,0,1.0,43.0,25,5
2026-08-30,S01,P07,43.0,0,14.0,29.0,25,5
2026-08-31,S01,P07,29.0,0,4.0,25.0,25,5
2026-08-01,S01,P08,50.0,0,9.0,41.0,20,4
2026-08-02,S01,P08,41.0,0,5.0,36.0,20,4
2026-08-03,S01,P08,36.0,0,7.0,29.0,20,4
2026-08-04,S01,P08,29.0,0,5.0,24.0,20,4
2026-08-05,S01,P08,24.0,0,7.0,-15.0,20,4
2026-08-06,S01,P08,17.0,0,17.0,0.0,20,4
2026-08-07,S01,P08,0.0,0,3.0,-3.0,20,4
2026-08-08,S01,P08,-3.0,0,4.0,-7.0,20,4
2026-08-09,S01,P08,-7.0,45,4.0,34.0,20,4
2026-08-10,S01,P08,34.0,0,5.0,29.0,20,4
2026-08-11,S01,P08,29.0,0,6.0,23.0,20,4
2026-08-12,S01,P08,23.0,0,2.0,21.0,20,4
2026-08-13,S01,P08,21.0,0,5.0,16.0,20,4
2026-08-14,S01,P08,16.0,0,3.0,13.0,20,4
2026-08-15,S01,P08,13.0,0,4.0,9.0,20,4
2026-08-16,S01,P08,9.0,0,3.0,6.0,20,4
2026-08-17,S01,P08,6.0,45,0.0,51.0,20,4
2026-08-18,S01,P08,51.0,0,8.0,43.0,20,4
2026-08-19,S01,P08,43.0,0,1.0,42.0,20,4
2026-08-20,S01,P08,42.0,0,0.0,42.0,20,4
2026-08-21,S01,P08,42.0,0,1.0,41.0,20,4
2026-08-22,S01,P08,41.0,0,8.0,33.0,20,4
2026-08-23,S01,P08,33.0,0,2.0,31.0,20,4
2026-08-24,S01,P08,31.0,0,9.0,22.0,20,4
2026-08-25,S01,P08,22.0,0,3.0,19.0,20,4
2026-08-26,S01,P08,19.0,0,6.0,13.0,20,4
2026-08-27,S01,P08,13.0,0,0.0,13.0,20,4
2026-08-28,S01,P08,13.0,0,5.0,8.0,20,4
2026-08-29,S01,P08,8.0,45,4.0,49.0,20,4
2026-08-30,S01,P08,49.0,0,6.0,43.0,20,4
2026-08-31,S01,P08,43.0,0,506.0,-463.0,20,4
2026-08-01,S01,P09,60.0,0,7.0,53.0,25,3
2026-08-02,S01,P09,53.0,0,7.0,46.0,25,3
2026-08-03,S01,P09,46.0,0,3.0,43.0,25,3
2026-08-04,S01,P09,43.0,0,1.0,9999.0,25,3
2026-08-05,S01,P09,42.0,0,2.0,40.0,25,3
2026-08-06,S01,P09,40.0,0,2.0,38.0,25,3
2026-08-07,S01,P09,38.0,0,2.0,36.0,25,3
2026-08-08,S01,P09,36.0,0,3.0,33.0,25,3
2026-08-09,S01,P09,33.0,0,10.0,23.0,25,3
2026-08-10,S01,P09,23.0,0,0.0,23.0,25,3
2026-08-11,S01,P09,23.0,0,4.0,19.0,25,3
2026-08-12,S01,P09,19.0,55,2.0,72.0,25,3
2026-08-13,S01,P09,72.0,0,4.0,68.0,25,3
2026-08-14,S01,P09,68.0,0,12.0,56.0,25,3
2026-08-15,S01,P09,56.0,0,15.0,41.0,25,3
2026-08-16,S01,P09,41.0,0,3.0,38.0,25,3
2026-08-17,S01,P09,38.0,0,9.0,29.0,25,3
2026-08-18,S01,P09,29.0,0,2.0,27.0,25,3
2026-08-19,S01,P09,27.0,0,0.0,27.0,25,3
2026-08-20,S01,P09,27.0,0,5.0,22.0,25,3
2026-08-21,S01,P09,22.0,0,0.0,22.0,25,3
2026-08-22,S01,P09,22.0,0,9.0,13.0,25,3
2026-08-23,S01,P09,13.0,55,8.0,60.0,25,3
2026-08-24,S01,P09,60.0,0,3.0,57.0,25,3
2026-08-25,S01,P09,57.0,0,0.0,57.0,25,3
2026-08-26,S01,P09,57.0,0,4.0,53.0,25,3
2026-08-27,S01,P09,53.0,0,12.0,41.0,25,3
2026-08-28,S01,P09,41.0,0,3.0,38.0,25,3
2026-08-29,S01,P09,38.0,0,4.0,34.0,25,3
2026-08-30,S01,P09,34.0,0,14.0,20.0,25,3
2026-08-31,S01,P09,20.0,0,1.0,19.0,25,3
2026-08-01,S01,P10,75.0,0,10.0,65.0,35,3
2026-08-02,S01,P10,65.0,0,4.0,61.0,35,3
2026-08-03,S01,P10,61.0,0,3.0,58.0,35,3
2026-08-04,S01,P10,58.0,0,7.0,51.0,35,3
2026-08-05,S01,P10,51.0,0,11.0,40.0,35,3
2026-08-06,S01,P10,40.0,0,6.0,34.0,35,3
2026-08-07,S01,P10,34.0,0,2.0,32.0,35,3
2026-08-08,S01,P10,32.0,0,15.0,17.0,35,3
2026-08-09,S01,P10,17.0,80,1.0,96.0,35,3
2026-08-10,S01,P10,96.0,0,0.0,96.0,35,3
2026-08-11,S01,P10,96.0,0,7.0,89.0,35,3
2026-08-12,S01,P10,89.0,0,8.0,81.0,35,3
2026-08-13,S01,P10,81.0,0,7.0,74.0,35,3
2026-08-14,S01,P10,74.0,0,5.0,69.0,35,3
2026-08-15,S01,P10,69.0,0,11.0,58.0,35,3
2026-08-16,S01,P10,58.0,0,1.0,57.0,35,3
2026-08-17,S01,P10,8888.0,0,2.0,55.0,35,3
2026-08-18,S01,P10,55.0,0,3.0,52.0,35,3
2026-08-19,S01,P10,52.0,0,2.0,50.0,35,3
2026-08-20,S01,P10,50.0,0,12.0,38.0,35,3
2026-08-21,S01,P10,38.0,0,6.0,32.0,35,3
2026-08-22,S01,P10,32.0,0,12.0,20.0,35,3
2026-08-23,S01,P10,20.0,0,11.0,9.0,35,3
2026-08-24,S01,P10,9.0,80,8.0,81.0,35,3
2026-08-25,S01,P10,81.0,0,4.0,77.0,35,3
2026-08-26,S01,P10,77.0,0,3.0,74.0,35,3
2026-08-27,S01,P10,74.0,0,6.0,68.0,35,3
2026-08-28,S01,P10,68.0,0,3.0,65.0,35,3
2026-08-29,S01,P10,65.0,0,6.0,59.0,35,3
2026-08-30,S01,P10,59.0,0,6.0,53.0,35,3
2026-08-31,S01,P10,,0,3.0,50.0,35,3
2026-08-01,S02,P01,90.0,0,23.0,67.0,40,1
2026-08-02,S02,P01,67.0,0,33.0,34.0,40,1
2026-08-03,S02,P01,34.0,100,13.0,121.0,40,1
2026-08-04,S02,P01,121.0,0,20.0,101.0,40,1
2026-08-05,S02,P01,101.0,0,6.0,95.0,40,1
2026-08-06,S02,P01,95.0,0,15.0,80.0,40,1
2026-08-07,S02,P01,80.0,0,13.0,67.0,40,1
2026-08-08,S02,P01,67.0,0,14.0,53.0,40,1
2026-08-09,S02,P01,53.0,0,26.0,27.0,40,1
2026-08-10,S02,P01,27.0,100,19.0,108.0,40,1
2026-08-11,S02,P01,108.0,0,12.0,96.0,40,1
2026-08-12,S02,P01,96.0,0,26.0,70.0,40,1
2026-08-13,S02,P01,70.0,0,27.0,43.0,40,1
2026-08-14,S02,P01,43.0,0,7.0,36.0,40,1
2026-08-15,S02,P01,36.0,100,97.0,39.0,40,1
2026-08-16,S02,P01,39.0,100,25.0,114.0,40,1
2026-08-17,S02,P01,114.0,0,6.0,108.0,40,1
2026-08-18,S02,P01,108.0,0,21.0,87.0,40,1
2026-08-19,S02,P01,87.0,0,14.0,73.0,40,1
2026-08-20,S02,P01,73.0,0,21.0,52.0,40,1
2026-08-21,S02,P01,52.0,0,7.0,45.0,40,1
2026-08-22,S02,P01,45.0,0,19.0,26.0,40,1
2026-08-23,S02,P01,26.0,100,144.0,-18.0,40,1
2026-08-24,S02,P01,-18.0,100,13.0,69.0,40,1
2026-08-25,S02,P01,69.0,0,12.0,57.0,40,1
2026-08-26,S02,P01,57.0,0,15.0,42.0,40,1
2026-08-27,S02,P01,42.0,0,4.0,38.0,40,1
2026-08-28,S02,P01,38.0,100,20.0,118.0,40,1
2026-08-29,S02,P01,118.0,0,16.0,102.0,40,1
2026-08-30,S02,P01,102.0,0,26.0,76.0,40,1
2026-08-31,S02,P01,76.0,0,11.0,65.0,40,1
2026-08-01,S02,P02,70.0,0,8.0,62.0,25,3
2026-08-02,S02,P02,62.0,0,11.0,51.0,25,3
2026-08-03,S02,P02,51.0,0,3.0,48.0,25,3
2026-08-04,S02,P02,48.0,0,8.0,40.0,25,3
2026-08-05,S02,P02,40.0,0,10.0,30.0,25,3
2026-08-06,S02,P02,30.0,0,10.0,20.0,25,3
2026-08-07,S02,P02,20.0,0,5.0,15.0,25,3
2026-08-08,S02,P02,15.0,0,4.0,11.0,25,3
2026-08-09,S02,P02,11.0,60,2.0,69.0,25,3
2026-08-10,S02,P02,69.0,0,2.0,67.0,25,3
2026-08-11,S02,P02,67.0,0,2.0,65.0,25,3
2026-08-12,S02,P02,65.0,0,5.0,60.0,25,3
2026-08-13,S02,P02,60.0,0,4.0,56.0,25,3
2026-08-14,S02,P02,56.0,0,5.0,51.0,25,3
2026-08-15,S02,P02,51.0,0,6.0,45.0,25,3
2026-08-16,S02,P02,45.0,0,6.0,39.0,25,3
2026-08-17,S02,P02,39.0,0,4.0,35.0,25,3
2026-08-18,S02,P02,35.0,0,8.0,27.0,25,3
2026-08-19,S02,P02,27.0,0,8.0,19.0,25,3
2026-08-20,S02,P02,19.0,0,2.0,17.0,25,3
2026-08-21,S02,P02,17.0,0,8.0,9.0,25,3
2026-08-22,S02,P02,9.0,60,11.0,58.0,25,3
2026-08-23,S02,P02,58.0,0,6.0,52.0,25,3
2026-08-24,S02,P02,52.0,0,6.0,46.0,25,3
2026-08-25,S02,P02,46.0,0,14.0,32.0,25,3
2026-08-26,S02,P02,32.0,0,6.0,26.0,25,3
2026-08-27,S02,P02,26.0,0,5.0,21.0,25,3
2026-08-28,S02,P02,21.0,0,5.0,16.0,25,3
2026-08-29,S02,P02,16.0,0,10.0,6.0,25,3
2026-08-30,S02,P02,6.0,60,4.0,62.0,25,3
2026-08-31,S02,P02,62.0,0,3.0,59.0,25,3
2026-08-01,S02,P03,80.0,0,25.0,55.0,45,1
2026-08-02,S02,P03,55.0,0,29.0,26.0,45,1
2026-08-03,S02,P03,26.0,90,9.0,107.0,45,1
2026-08-04,S02,P03,107.0,0,5.0,102.0,45,1
2026-08-05,S02,P03,102.0,0,11.0,91.0,45,1
2026-08-06,S02,P03,91.0,0,10.0,81.0,45,1
2026-08-07,S02,P03,81.0,0,9.0,72.0,45,1
2026-08-08,S02,P03,72.0,0,19.0,53.0,45,1
2026-08-09,S02,P03,53.0,0,15.0,38.0,45,1
2026-08-10,S02,P03,38.0,90,8.0,120.0,45,1
2026-08-11,S02,P03,120.0,0,23.0,97.0,45,1
2026-08-12,S02,P03,97.0,0,5.0,92.0,45,1
2026-08-13,S02,P03,92.0,0,14.0,78.0,45,1
2026-08-14,S02,P03,78.0,0,6.0,72.0,45,1
2026-08-15,S02,P03,72.0,0,28.0,44.0,45,1
2026-08-16,S02,P03,44.0,90,19.0,115.0,45,1
2026-08-17,S02,P03,115.0,0,10.0,105.0,45,1
2026-08-18,S02,P03,105.0,0,11.0,94.0,45,1
2026-08-19,S02,P03,94.0,0,9.0,85.0,45,1
2026-08-20,S02,P03,85.0,0,22.0,63.0,45,1
2026-08-21,S02,P03,63.0,0,10.0,53.0,45,1
2026-08-22,S02,P03,53.0,0,19.0,34.0,45,1
2026-08-23,S02,P03,34.0,90,14.0,110.0,45,1
2026-08-24,S02,P03,110.0,0,3.0,107.0,45,1
2026-08-25,S02,P03,107.0,0,7.0,100.0,45,1
2026-08-26,S02,P03,100.0,0,9.0,91.0,45,1
2026-08-27,S02,P03,91.0,0,7.0,84.0,45,1
2026-08-28,S02,P03,84.0,0,28.0,56.0,45,1
2026-08-29,S02,P03,56.0,0,11.0,45.0,45,1
2026-08-30,S02,P03,45.0,90,20.0,115.0,45,1
2026-08-31,S02,P03,115.0,0,5.0,110.0,45,1
2026-08-01,S02,P04,65.0,0,5.0,60.0,30,2
2026-08-02,S02,P04,60.0,0,9.0,51.0,30,2
2026-08-03,S02,P04,51.0,0,5.0,46.0,30,2
2026-08-04,S02,P04,46.0,0,8.0,38.0,30,2
2026-08-05,S02,P04,38.0,0,11.0,27.0,30,2
2026-08-06,S02,P04,27.0,0,5.0,22.0,30,2
2026-08-07,S02,P04,22.0,70,9.0,83.0,30,2
2026-08-08,S02,P04,83.0,0,0.0,83.0,30,2
2026-08-09,S02,P04,83.0,0,2.0,81.0,30,2
2026-08-10,S02,P04,81.0,0,4.0,77.0,30,2
2026-08-11,S02,P04,77.0,0,3.0,74.0,30,2
2026-08-12,S02,P04,74.0,0,5.0,69.0,30,2
2026-08-13,S02,P04,69.0,0,12.0,57.0,30,2
2026-08-14,S02,P04,57.0,0,6.0,51.0,30,2
2026-08-15,S02,P04,51.0,0,9.0,42.0,30,2
2026-08-16,S02,P04,42.0,0,10.0,32.0,30,2
2026-08-17,S02,P04,32.0,0,4.0,28.0,30,2
2026-08-18,S02,P04,28.0,0,7.0,21.0,30,2
2026-08-19,S02,P04,21.0,70,4.0,87.0,30,2
2026-08-20,S02,P04,87.0,0,9.0,78.0,30,2
2026-08-21,S02,P04,78.0,0,14.0,64.0,30,2
2026-08-22,S02,P04,64.0,0,3.0,61.0,30,2
2026-08-23,S02,P04,61.0,0,15.0,46.0,30,2
2026-08-24,S02,P04,46.0,0,7.0,39.0,30,2
2026-08-25,S02,P04,39.0,0,3.0,36.0,30,2
2026-08-26,S02,P04,36.0,0,10.0,26.0,30,2
2026-08-27,S02,P04,26.0,0,5.0,21.0,30,2
2026-08-28,S02,P04,21.0,70,10.0,81.0,30,2
2026-08-29,S02,P04,81.0,0,6.0,75.0,30,2
2026-08-30,S02,P04,75.0,0,13.0,62.0,30,2
2026-08-31,S02,P04,62.0,0,0.0,62.0,30,2
2026-08-01,S02,P05,110.0,0,16.0,94.0,50,2
2026-08-02,S02,P05,94.0,0,12.0,-3.0,50,2
2026-08-03,S02,P05,82.0,0,7.0,75.0,50,2
2026-08-04,S02,P05,75.0,0,4.0,71.0,50,2
2026-08-05,S02,P05,71.0,0,5.0,66.0,50,2
2026-08-06,S02,P05,66.0,0,12.0,54.0,50,2
2026-08-07,S02,P05,54.0,0,3.0,51.0,50,2
2026-08-08,S02,P05,51.0,0,14.0,37.0,50,2
2026-08-09,S02,P05,37.0,0,16.0,21.0,50,2
2026-08-10,S02,P05,21.0,120,6.0,135.0,50,2
2026-08-11,S02,P05,135.0,0,7.0,128.0,50,2
2026-08-12,S02,P05,128.0,0,7.0,121.0,50,2
2026-08-13,S02,P05,121.0,0,8.0,113.0,50,2
2026-08-14,S02,P05,113.0,0,14.0,99.0,50,2
2026-08-15,S02,P05,99.0,0,10.0,89.0,50,2
2026-08-16,S02,P05,89.0,0,10.0,79.0,50,2
2026-08-17,S02,P05,79.0,0,9.0,70.0,50,2
2026-08-18,S02,P05,70.0,0,5.0,65.0,50,2
2026-08-19,S02,P05,65.0,0,11.0,54.0,50,2
2026-08-20,S02,P05,54.0,0,3.0,51.0,50,2
2026-08-21,S02,P05,51.0,0,9.0,42.0,50,2
2026-08-22,S02,P05,42.0,0,13.0,29.0,50,2
2026-08-23,S02,P05,29.0,120,9.0,140.0,50,2
2026-08-24,S02,P05,140.0,0,12.0,128.0,50,2
2026-08-25,S02,P05,128.0,0,12.0,116.0,50,2
2026-08-26,S02,P05,116.0,0,9.0,107.0,50,2
2026-08-27,S02,P05,107.0,0,6.0,101.0,50,2
2026-08-28,S02,P05,101.0,0,8.0,93.0,50,2
2026-08-29,S02,P05,93.0,0,13.0,80.0,50,2
2026-08-30,S02,P05,80.0,0,16.0,64.0,50,2
2026-08-31,S02,P05,64.0,0,8.0,56.0,50,2
2026-08-01,S02,P06,55.0,0,6.0,49.0,20,4
2026-08-02,S02,P06,49.0,0,6.0,43.0,20,4
2026-08-03,S02,P06,43.0,0,2.0,41.0,20,4
2026-08-04,S02,P06,41.0,0,0.0,41.0,20,4
2026-08-05,S02,P06,41.0,0,0.0,41.0,20,4
2026-08-06,S02,P06,41.0,0,5.0,36.0,20,4
2026-08-07,S02,P06,36.0,0,6.0,30.0,20,4
2026-08-08,S02,P06,30.0,0,5.0,25.0,20,4
2026-08-09,S02,P06,25.0,0,3.0,22.0,20,4
2026-08-10,S02,P06,22.0,0,9.0,13.0,20,4
2026-08-11,S02,P06,13.0,0,1.0,12.0,20,4
2026-08-12,S02,P06,12.0,0,2.0,10.0,20,4
2026-08-13,S02,P06,10.0,0,4.0,6.0,20,4
2026-08-14,S02,P06,6.0,50,3.0,53.0,20,4
2026-08-15,S02,P06,53.0,0,4.0,49.0,20,4
2026-08-16,S02,P06,49.0,0,7.0,42.0,20,4
2026-08-17,S02,P06,42.0,0,2.0,40.0,20,4
2026-08-18,S02,P06,40.0,0,1.0,39.0,20,4
2026-08-19,S02,P06,39.0,0,6.0,33.0,20,4
2026-08-20,S02,P06,33.0,0,1.0,32.0,20,4
2026-08-21,S02,P06,32.0,0,6.0,26.0,20,4
2026-08-22,S02,P06,26.0,0,4.0,9999.0,20,4
2026-08-23,S02,P06,22.0,0,4.0,18.0,20,4
2026-08-24,S02,P06,18.0,0,4.0,14.0,20,4
2026-08-25,S02,P06,14.0,0,8.0,6.0,20,4
2026-08-26,S02,P06,6.0,0,2.0,4.0,20,4
2026-08-27,S02,P06,4.0,50,4.0,50.0,20,4
2026-08-28,S02,P06,50.0,0,10.0,40.0,20,4
2026-08-29,S02,P06,40.0,0,5.0,35.0,20,4
2026-08-30,S02,P06,35.0,0,5.0,30.0,20,4
2026-08-31,S02,P06,30.0,0,5.0,25.0,20,4
2026-08-01,S02,P07,60.0,0,2.0,58.0,25,5
2026-08-02,S02,P07,58.0,0,0.0,58.0,25,5
2026-08-03,S02,P07,58.0,0,4.0,54.0,25,5
2026-08-04,S02,P07,54.0,0,3.0,51.0,25,5
2026-08-05,S02,P07,51.0,0,5.0,46.0,25,5
2026-08-06,S02,P07,46.0,0,7.0,39.0,25,5
2026-08-07,S02,P07,39.0,0,1.0,38.0,25,5
2026-08-08,S02,P07,38.0,0,2.0,36.0,25,5
2026-08-09,S02,P07,36.0,0,4.0,32.0,25,5
2026-08-10,S02,P07,32.0,0,7.0,25.0,25,5
2026-08-11,S02,P07,25.0,0,3.0,22.0,25,5
2026-08-12,S02,P07,22.0,0,1.0,21.0,25,5
2026-08-13,S02,P07,21.0,0,0.0,,25,5
2026-08-14,S02,P07,21.0,0,2.0,19.0,25,5
2026-08-15,S02,P07,19.0,60,14.0,65.0,25,5
2026-08-16,S02,P07,65.0,0,5.0,60.0,25,5
2026-08-17,S02,P07,60.0,0,3.0,-3.0,25,5
2026-08-18,S02,P07,57.0,0,0.0,57.0,25,5
2026-08-19,S02,P07,57.0,0,2.0,55.0,25,5
2026-08-20,S02,P07,55.0,0,4.0,51.0,25,5
2026-08-21,S02,P07,51.0,0,3.0,48.0,25,5
2026-08-22,S02,P07,48.0,0,4.0,44.0,25,5
2026-08-23,S02,P07,44.0,0,5.0,39.0,25,5
2026-08-24,S02,P07,39.0,0,1.0,38.0,25,5
2026-08-25,S02,P07,38.0,0,4.0,34.0,25,5
2026-08-26,S02,P07,34.0,0,0.0,34.0,25,5
2026-08-27,S02,P07,34.0,0,5.0,29.0,25,5
2026-08-28,S02,P07,29.0,0,0.0,29.0,25,5
2026-08-29,S02,P07,29.0,0,1.0,28.0,25,5
2026-08-30,S02,P07,28.0,0,7.0,21.0,25,5
2026-08-31,S02,P07,21.0,0,0.0,21.0,25,5
2026-08-01,S02,P08,50.0,0,6.0,44.0,20,4
2026-08-02,S02,P08,44.0,0,10.0,34.0,20,4
2026-08-03,S02,P08,34.0,0,2.0,32.0,20,4
2026-08-04,S02,P08,32.0,0,4.0,,20,4
2026-08-05,S02,P08,28.0,0,5.0,23.0,20,4
2026-08-06,S02,P08,23.0,0,1.0,22.0,20,4
2026-08-07,S02,P08,22.0,0,6.0,16.0,20,4
2026-08-08,S02,P08,16.0,0,6.0,10.0,20,4
2026-08-09,S02,P08,10.0,0,1.0,9.0,20,4
2026-08-10,S02,P08,9.0,0,0.0,9.0,20,4
2026-08-11,S02,P08,9.0,45,4.0,50.0,20,4
2026-08-12,S02,P08,50.0,0,0.0,50.0,20,4
2026-08-13,S02,P08,50.0,0,2.0,48.0,20,4
2026-08-14,S02,P08,48.0,0,3.0,45.0,20,4
2026-08-15,S02,P08,45.0,0,8.0,37.0,20,4
2026-08-16,S02,P08,37.0,0,1.0,36.0,20,4
2026-08-17,S02,P08,36.0,0,9.0,27.0,20,4
2026-08-18,S02,P08,27.0,0,1.0,26.0,20,4
2026-08-19,S02,P08,26.0,0,2.0,24.0,20,4
2026-08-20,S02,P08,24.0,0,3.0,21.0,20,4
2026-08-21,S02,P08,21.0,0,1.0,20.0,20,4
2026-08-22,S02,P08,20.0,0,7.0,13.0,20,4
2026-08-23,S02,P08,13.0,0,2.0,11.0,20,4
2026-08-24,S02,P08,11.0,0,2.0,9.0,20,4
2026-08-25,S02,P08,9.0,45,2.0,52.0,20,4
2026-08-26,S02,P08,52.0,0,2.0,50.0,20,4
2026-08-27,S02,P08,50.0,0,2.0,48.0,20,4
2026-08-28,S02,P08,48.0,0,4.0,44.0,20,4
2026-08-29,S02,P08,44.0,0,2.0,42.0,20,4
2026-08-30,S02,P08,42.0,0,2.0,40.0,20,4
2026-08-31,S02,P08,40.0,0,0.0,40.0,20,4
2026-08-01,S02,P09,60.0,0,2.0,58.0,25,3
2026-08-02,S02,P09,58.0,0,0.0,58.0,25,3
2026-08-03,S02,P09,58.0,0,6.0,52.0,25,3
2026-08-04,S02,P09,52.0,0,6.0,46.0,25,3
2026-08-05,S02,P09,46.0,0,4.0,42.0,25,3
2026-08-06,S02,P09,42.0,0,1.0,41.0,25,3
2026-08-07,S02,P09,41.0,0,0.0,41.0,25,3
2026-08-08,S02,P09,41.0,0,11.0,30.0,25,3
2026-08-09,S02,P09,30.0,0,10.0,20.0,25,3
2026-08-10,S02,P09,20.0,0,2.0,18.0,25,3
2026-08-11,S02,P09,18.0,0,4.0,14.0,25,3
2026-08-12,S02,P09,14.0,55,2.0,67.0,25,3
2026-08-13,S02,P09,67.0,0,0.0,67.0,25,3
2026-08-14,S02,P09,67.0,0,0.0,67.0,25,3
2026-08-15,S02,P09,67.0,0,3.0,64.0,25,3
2026-08-16,S02,P09,64.0,0,3.0,61.0,25,3
2026-08-17,S02,P09,61.0,0,5.0,56.0,25,3
2026-08-18,S02,P09,56.0,0,4.0,52.0,25,3
2026-08-19,S02,P09,52.0,0,3.0,49.0,25,3
2026-08-20,S02,P09,49.0,0,3.0,46.0,25,3
2026-08-21,S02,P09,46.0,0,14.0,32.0,25,3
2026-08-22,S02,P09,32.0,0,4.0,-15.0,25,3
2026-08-23,S02,P09,28.0,0,7.0,21.0,25,3
2026-08-24,S02,P09,21.0,0,2.0,19.0,25,3
2026-08-25,S02,P09,19.0,0,2.0,17.0,25,3
2026-08-26,S02,P09,17.0,55,1.0,71.0,25,3
2026-08-27,S02,P09,71.0,0,0.0,71.0,25,3
2026-08-28,S02,P09,71.0,0,3.0,68.0,25,3
2026-08-29,S02,P09,68.0,0,,61.0,25,3
2026-08-30,S02,P09,61.0,0,2.0,59.0,25,3
2026-08-31,S02,P09,59.0,0,1.0,58.0,25,3
2026-08-01,S02,P10,75.0,0,3.0,72.0,35,3
2026-08-02,S02,P10,72.0,0,12.0,60.0,35,3
2026-08-03,S02,P10,60.0,0,3.0,57.0,35,3
2026-08-04,S02,P10,57.0,0,1.0,56.0,35,3
2026-08-05,S02,P10,56.0,0,1.0,55.0,35,3
2026-08-06,S02,P10,55.0,0,3.0,52.0,35,3
2026-08-07,S02,P10,52.0,0,252.0,-200.0,35,3
2026-08-08,S02,P10,-200.0,0,9.0,-209.0,35,3
2026-08-09,S02,P10,-209.0,0,10.0,-219.0,35,3
2026-08-10,S02,P10,-219.0,80,2.0,-141.0,35,3
2026-08-11,S02,P10,-141.0,0,6.0,-147.0,35,3
2026-08-12,S02,P10,-147.0,0,0.0,-147.0,35,3
2026-08-13,S02,P10,-147.0,80,126.0,-193.0,35,3
2026-08-14,S02,P10,-193.0,0,10.0,-203.0,35,3
2026-08-15,S02,P10,-203.0,0,11.0,-214.0,35,3
2026-08-16,S02,P10,-214.0,80,1.0,-135.0,35,3
2026-08-17,S02,P10,-135.0,0,3.0,-138.0,35,3
2026-08-18,S02,P10,-138.0,0,6.0,-144.0,35,3
2026-08-19,S02,P10,-144.0,80,4.0,-68.0,35,3
2026-08-20,S02,P10,-68.0,0,5.0,-73.0,35,3
2026-08-21,S02,P10,-73.0,0,1.0,-74.0,35,3
2026-08-22,S02,P10,-74.0,80,7.0,-1.0,35,3
2026-08-23,S02,P10,-1.0,0,0.0,-1.0,35,3
2026-08-24,S02,P10,-1.0,0,2.0,-3.0,35,3
2026-08-25,S02,P10,-3.0,80,7.0,70.0,35,3
2026-08-26,S02,P10,70.0,0,0.0,70.0,35,3
2026-08-27,S02,P10,70.0,0,4.0,66.0,35,3
2026-08-28,S02,P10,66.0,0,8.0,58.0,35,3
2026-08-29,S02,P10,58.0,0,8.0,50.0,35,3
2026-08-30,S02,P10,50.0,0,,45.0,35,3
2026-08-31,S02,P10,45.0,0,5.0,40.0,35,3
2026-08-01,S03,P01,90.0,0,9.0,81.0,40,1
2026-08-02,S03,P01,81.0,0,12.0,69.0,40,1
2026-08-03,S03,P01,69.0,0,1.0,68.0,40,1
2026-08-04,S03,P01,68.0,0,4.0,64.0,40,1
2026-08-05,S03,P01,64.0,0,3.0,61.0,40,1
2026-08-06,S03,P01,61.0,0,3.0,58.0,40,1
2026-08-07,S03,P01,58.0,0,9.0,49.0,40,1
2026-08-08,S03,P01,49.0,0,11.0,38.0,40,1
2026-08-09,S03,P01,38.0,100,,126.0,40,1
2026-08-10,S03,P01,126.0,0,6.0,120.0,40,1
2026-08-11,S03,P01,120.0,0,11.0,109.0,40,1
2026-08-12,S03,P01,109.0,0,6.0,103.0,40,1
2026-08-13,S03,P01,103.0,0,7.0,96.0,40,1
2026-08-14,S03,P01,96.0,0,8.0,88.0,40,1
2026-08-15,S03,P01,88.0,0,7.0,81.0,40,1
2026-08-16,S03,P01,81.0,0,2.0,79.0,40,1
2026-08-17,S03,P01,79.0,0,0.0,79.0,40,1
2026-08-18,S03,P01,79.0,0,3.0,76.0,40,1
2026-08-19,S03,P01,76.0,0,4.0,72.0,40,1
2026-08-20,S03,P01,72.0,0,3.0,69.0,40,1
2026-08-21,S03,P01,69.0,0,6.0,63.0,40,1
2026-08-22,S03,P01,63.0,0,9.0,54.0,40,1
2026-08-23,S03,P01,54.0,0,13.0,41.0,40,1
2026-08-24,S03,P01,41.0,0,2.0,39.0,40,1
2026-08-25,S03,P01,39.0,100,1.0,138.0,40,1
2026-08-26,S03,P01,138.0,0,6.0,132.0,40,1
2026-08-27,S03,P01,132.0,0,4.0,128.0,40,1
2026-08-28,S03,P01,128.0,0,4.0,124.0,40,1
2026-08-29,S03,P01,124.0,0,6.0,118.0,40,1
2026-08-30,S03,P01,118.0,0,9.0,109.0,40,1
2026-08-31,S03,P01,109.0,0,11.0,98.0,40,1
2026-08-01,S03,P02,70.0,0,4.0,66.0,25,3
2026-08-02,S03,P02,66.0,0,5.0,61.0,25,3
2026-08-03,S03,P02,61.0,0,0.0,61.0,25,3
2026-08-04,S03,P02,61.0,0,5.0,56.0,25,3
2026-08-05,S03,P02,56.0,0,0.0,56.0,25,3
2026-08-06,S03,P02,56.0,0,0.0,56.0,25,3
2026-08-07,S03,P02,56.0,0,5.0,51.0,25,3
2026-08-08,S03,P02,51.0,0,1.0,50.0,25,3
2026-08-09,S03,P02,50.0,0,2.0,48.0,25,3
2026-08-10,S03,P02,48.0,0,2.0,46.0,25,3
2026-08-11,S03,P02,46.0,0,0.0,46.0,25,3
2026-08-12,S03,P02,46.0,0,0.0,,25,3
2026-08-13,S03,P02,46.0,0,3.0,43.0,25,3
2026-08-14,S03,P02,43.0,0,0.0,43.0,25,3
2026-08-15,S03,P02,43.0,0,8.0,35.0,25,3
2026-08-16,S03,P02,35.0,0,1.0,34.0,25,3
2026-08-17,S03,P02,34.0,0,3.0,31.0,25,3
2026-08-18,S03,P02,31.0,0,2.0,29.0,25,3
2026-08-19,S03,P02,29.0,0,1.0,28.0,25,3
2026-08-20,S03,P02,28.0,0,0.0,28.0,25,3
2026-08-21,S03,P02,28.0,0,3.0,25.0,25,3
2026-08-22,S03,P02,25.0,0,2.0,23.0,25,3
2026-08-23,S03,P02,23.0,0,4.0,19.0,25,3
2026-08-24,S03,P02,19.0,60,2.0,77.0,25,3
2026-08-25,S03,P02,77.0,0,0.0,77.0,25,3
2026-08-26,S03,P02,77.0,0,0.0,77.0,25,3
2026-08-27,S03,P02,77.0,0,0.0,77.0,25,3
2026-08-28,S03,P02,77.0,0,2.0,75.0,25,3
2026-08-29,S03,P02,75.0,0,4.0,71.0,25,3
2026-08-30,S03,P02,71.0,0,2.0,69.0,25,3
2026-08-31,S03,P02,69.0,0,0.0,69.0,25,3
2026-08-01,S03,P03,80.0,0,12.0,68.0,45,1
2026-08-02,S03,P03,68.0,0,4.0,64.0,45,1
2026-08-03,S03,P03,64.0,0,0.0,64.0,45,1
2026-08-04,S03,P03,64.0,0,6.0,58.0,45,1
2026-08-05,S03,P03,58.0,0,0.0,58.0,45,1
2026-08-06,S03,P03,58.0,0,5.0,53.0,45,1
2026-08-07,S03,P03,53.0,0,4.0,49.0,45,1
2026-08-08,S03,P03,49.0,0,2.0,47.0,45,1
2026-08-09,S03,P03,47.0,0,2.0,45.0,45,1
2026-08-10,S03,P03,45.0,90,3.0,132.0,45,1
2026-08-11,S03,P03,132.0,0,0.0,132.0,45,1
2026-08-12,S03,P03,132.0,0,7.0,125.0,45,1
2026-08-13,S03,P03,125.0,0,3.0,122.0,45,1
2026-08-14,S03,P03,122.0,0,6.0,116.0,45,1
2026-08-15,S03,P03,116.0,0,8.0,108.0,45,1
2026-08-16,S03,P03,108.0,0,4.0,,45,1
2026-08-17,S03,P03,104.0,0,3.0,101.0,45,1
2026-08-18,S03,P03,101.0,0,13.0,88.0,45,1
2026-08-19,S03,P03,88.0,0,2.0,86.0,45,1
2026-08-20,S03,P03,86.0,0,4.0,82.0,45,1
2026-08-21,S03,P03,82.0,0,1.0,81.0,45,1
2026-08-22,S03,P03,81.0,0,5.0,76.0,45,1
2026-08-23,S03,P03,76.0,0,2.0,74.0,45,1
2026-08-24,S03,P03,74.0,0,9.0,65.0,45,1
2026-08-25,S03,P03,65.0,0,3.0,62.0,45,1
2026-08-26,S03,P03,62.0,0,4.0,58.0,45,1
2026-08-27,S03,P03,58.0,0,9.0,49.0,45,1
2026-08-28,S03,P03,49.0,0,7.0,-3.0,45,1
2026-08-29,S03,P03,42.0,90,5.0,127.0,45,1
2026-08-30,S03,P03,127.0,0,15.0,112.0,45,1
2026-08-31,S03,P03,112.0,0,1.0,111.0,45,1
2026-08-01,S03,P04,65.0,0,5.0,60.0,30,2
2026-08-02,S03,P04,60.0,0,1.0,59.0,30,2
2026-08-03,S03,P04,59.0,0,3.0,56.0,30,2
2026-08-04,S03,P04,56.0,0,1.0,55.0,30,2
2026-08-05,S03,P04,55.0,0,1.0,54.0,30,2
2026-08-06,S03,P04,54.0,0,0.0,54.0,30,2
2026-08-07,S03,P04,54.0,0,0.0,54.0,30,2
2026-08-08,S03,P04,54.0,0,0.0,54.0,30,2
2026-08-09,S03,P04,54.0,0,3.0,51.0,30,2
2026-08-10,S03,P04,51.0,0,6.0,45.0,30,2
2026-08-11,S03,P04,45.0,0,0.0,45.0,30,2
2026-08-12,S03,P04,45.0,0,6.0,39.0,30,2
2026-08-13,S03,P04,39.0,0,0.0,39.0,30,2
2026-08-14,S03,P04,39.0,0,1.0,38.0,30,2
2026-08-15,S03,P04,38.0,0,1.0,37.0,30,2
2026-08-16,S03,P04,37.0,0,2.0,35.0,30,2
2026-08-17,S03,P04,35.0,0,2.0,33.0,30,2
2026-08-18,S03,P04,33.0,0,2.0,31.0,30,2
2026-08-19,S03,P04,31.0,0,5.0,26.0,30,2
2026-08-20,S03,P04,26.0,0,0.0,26.0,30,2
2026-08-21,S03,P04,26.0,70,1.0,95.0,30,2
2026-08-22,S03,P04,95.0,0,1.0,94.0,30,2
2026-08-23,S03,P04,94.0,0,0.0,94.0,30,2
2026-08-24,S03,P04,94.0,0,4.0,90.0,30,2
2026-08-25,S03,P04,90.0,0,0.0,90.0,30,2
2026-08-26,S03,P04,90.0,0,0.0,90.0,30,2
2026-08-27,S03,P04,90.0,0,0.0,90.0,30,2
2026-08-28,S03,P04,90.0,0,5.0,85.0,30,2
2026-08-29,S03,P04,85.0,0,3.0,82.0,30,2
2026-08-30,S03,P04,82.0,0,0.0,82.0,30,2
2026-08-31,S03,P04,82.0,0,1.0,81.0,30,2
2026-08-01,S03,P05,110.0,0,4.0,106.0,50,2
2026-08-02,S03,P05,106.0,0,7.0,99.0,50,2
2026-08-03,S03,P05,99.0,0,3.0,96.0,50,2
2026-08-04,S03,P05,96.0,0,1.0,95.0,50,2
2026-08-05,S03,P05,95.0,0,8.0,87.0,50,2
2026-08-06,S03,P05,87.0,0,7.0,80.0,50,2
2026-08-07,S03,P05,80.0,0,0.0,80.0,50,2
2026-08-08,S03,P05,80.0,0,1.0,79.0,50,2
2026-08-09,S03,P05,79.0,0,4.0,75.0,50,2
2026-08-10,S03,P05,75.0,0,1.0,74.0,50,2
2026-08-11,S03,P05,74.0,0,2.0,72.0,50,2
2026-08-12,S03,P05,72.0,0,3.0,69.0,50,2
2026-08-13,S03,P05,69.0,0,3.0,66.0,50,2
2026-08-14,S03,P05,66.0,0,4.0,62.0,50,2
2026-08-15,S03,P05,62.0,0,12.0,50.0,50,2
2026-08-16,S03,P05,50.0,0,3.0,47.0,50,2
2026-08-17,S03,P05,47.0,120,2.0,165.0,50,2
2026-08-18,S03,P05,165.0,0,4.0,161.0,50,2
2026-08-19,S03,P05,161.0,0,,154.0,50,2
2026-08-20,S03,P05,154.0,0,3.0,151.0,50,2
2026-08-21,S03,P05,151.0,0,6.0,145.0,50,2
2026-08-22,S03,P05,145.0,0,5.0,140.0,50,2
2026-08-23,S03,P05,140.0,0,6.0,134.0,50,2
2026-08-24,S03,P05,134.0,0,1.0,133.0,50,2
2026-08-25,S03,P05,133.0,0,0.0,133.0,50,2
2026-08-26,S03,P05,133.0,0,5.0,128.0,50,2
2026-08-27,S03,P05,128.0,0,5.0,123.0,50,2
2026-08-28,S03,P05,123.0,0,3.0,120.0,50,2
2026-08-29,S03,P05,120.0,0,4.0,116.0,50,2
2026-08-30,S03,P05,116.0,0,4.0,112.0,50,2
2026-08-31,S03,P05,112.0,0,9.0,103.0,50,2
2026-08-01,S03,P06,55.0,0,0.0,55.0,20,4
2026-08-02,S03,P06,55.0,0,4.0,51.0,20,4
2026-08-03,S03,P06,51.0,0,3.0,48.0,20,4
2026-08-04,S03,P06,48.0,0,3.0,45.0,20,4
2026-08-05,S03,P06,45.0,0,0.0,45.0,20,4
2026-08-06,S03,P06,45.0,0,2.0,43.0,20,4
2026-08-07,S03,P06,43.0,0,0.0,43.0,20,4
2026-08-08,S03,P06,43.0,0,1.0,42.0,20,4
2026-08-09,S03,P06,42.0,0,0.0,42.0,20,4
2026-08-10,S03,P06,42.0,0,2.0,40.0,20,4
2026-08-11,S03,P06,40.0,0,1.0,39.0,20,4
2026-08-12,S03,P06,39.0,0,5.0,34.0,20,4
2026-08-13,S03,P06,34.0,0,4.0,30.0,20,4
2026-08-14,S03,P06,30.0,0,0.0,30.0,20,4
2026-08-15,S03,P06,30.0,0,0.0,30.0,20,4
2026-08-16,S03,P06,30.0,0,1.0,29.0,20,4
2026-08-17,S03,P06,29.0,0,0.0,29.0,20,4
2026-08-18,S03,P06,29.0,0,0.0,29.0,20,4
2026-08-19,S03,P06,29.0,0,0.0,29.0,20,4
2026-08-20,S03,P06,29.0,0,1.0,28.0,20,4
2026-08-21,S03,P06,28.0,0,2.0,26.0,20,4
2026-08-22,S03,P06,26.0,0,2.0,24.0,20,4
2026-08-23,S03,P06,24.0,0,1.0,23.0,20,4
2026-08-24,S03,P06,23.0,0,4.0,19.0,20,4
2026-08-25,S03,P06,19.0,0,1.0,18.0,20,4
2026-08-26,S03,P06,18.0,0,2.0,16.0,20,4
2026-08-27,S03,P06,16.0,0,1.0,15.0,20,4
2026-08-28,S03,P06,15.0,50,0.0,65.0,20,4
2026-08-29,S03,P06,65.0,0,3.0,62.0,20,4
2026-08-30,S03,P06,62.0,0,1.0,61.0,20,4
2026-08-31,S03,P06,61.0,0,0.0,61.0,20,4
2026-08-01,S03,P07,60.0,0,5.0,55.0,25,5
2026-08-02,S03,P07,55.0,0,1.0,54.0,25,5
2026-08-03,S03,P07,,0,2.0,52.0,25,5
2026-08-04,S03,P07,52.0,0,0.0,52.0,25,5
2026-08-05,S03,P07,52.0,0,4.0,48.0,25,5
2026-08-06,S03,P07,48.0,0,0.0,48.0,25,5
2026-08-07,S03,P07,48.0,0,0.0,48.0,25,5
2026-08-08,S03,P07,48.0,0,0.0,48.0,25,5
2026-08-09,S03,P07,48.0,0,1.0,47.0,25,5
2026-08-10,S03,P07,47.0,0,3.0,44.0,25,5
2026-08-11,S03,P07,44.0,0,0.0,44.0,25,5
2026-08-12,S03,P07,44.0,0,0.0,44.0,25,5
2026-08-13,S03,P07,44.0,0,,44.0,25,5
2026-08-14,S03,P07,44.0,0,2.0,42.0,25,5
2026-08-15,S03,P07,42.0,0,1.0,41.0,25,5
2026-08-16,S03,P07,41.0,0,0.0,41.0,25,5
2026-08-17,S03,P07,41.0,0,0.0,41.0,25,5
2026-08-18,S03,P07,41.0,0,0.0,41.0,25,5
2026-08-19,S03,P07,41.0,0,0.0,41.0,25,5
2026-08-20,S03,P07,41.0,0,1.0,40.0,25,5
2026-08-21,S03,P07,40.0,0,2.0,38.0,25,5
2026-08-22,S03,P07,38.0,0,0.0,38.0,25,5
2026-08-23,S03,P07,38.0,0,2.0,36.0,25,5
2026-08-24,S03,P07,36.0,0,0.0,,25,5
2026-08-25,S03,P07,36.0,0,0.0,36.0,25,5
2026-08-26,S03,P07,36.0,0,1.0,35.0,25,5
2026-08-27,S03,P07,35.0,0,0.0,35.0,25,5
2026-08-28,S03,P07,35.0,0,6.0,29.0,25,5
2026-08-29,S03,P07,29.0,0,0.0,29.0,25,5
2026-08-30,S03,P07,29.0,0,5.0,24.0,25,5
2026-08-31,S03,P07,24.0,0,0.0,24.0,25,5
2026-08-01,S03,P08,50.0,0,0.0,50.0,20,4
2026-08-02,S03,P08,50.0,0,1.0,49.0,20,4
2026-08-03,S03,P08,49.0,0,0.0,49.0,20,4
2026-08-04,S03,P08,49.0,0,0.0,49.0,20,4
2026-08-05,S03,P08,49.0,0,2.0,47.0,20,4
2026-08-06,S03,P08,47.0,0,0.0,47.0,20,4
2026-08-07,S03,P08,47.0,0,2.0,45.0,20,4
2026-08-08,S03,P08,45.0,0,4.0,41.0,20,4
2026-08-09,S03,P08,41.0,0,1.0,40.0,20,4
2026-08-10,S03,P08,40.0,0,6.0,34.0,20,4
2026-08-11,S03,P08,34.0,0,1.0,,20,4
2026-08-12,S03,P08,33.0,0,5.0,28.0,20,4
2026-08-13,S03,P08,28.0,0,0.0,28.0,20,4
2026-08-14,S03,P08,28.0,0,4.0,24.0,20,4
2026-08-15,S03,P08,24.0,0,2.0,22.0,20,4
2026-08-16,S03,P08,22.0,0,4.0,18.0,20,4
2026-08-17,S03,P08,18.0,0,1.0,17.0,20,4
2026-08-18,S03,P08,17.0,0,3.0,14.0,20,4
2026-08-19,S03,P08,14.0,0,0.0,14.0,20,4
2026-08-20,S03,P08,14.0,45,0.0,59.0,20,4
2026-08-21,S03,P08,59.0,0,0.0,59.0,20,4
2026-08-22,S03,P08,59.0,0,0.0,59.0,20,4
2026-08-23,S03,P08,59.0,0,6.0,53.0,20,4
2026-08-24,S03,P08,53.0,0,0.0,53.0,20,4
2026-08-25,S03,P08,53.0,0,0.0,53.0,20,4
2026-08-26,S03,P08,53.0,0,1.0,52.0,20,4
2026-08-27,S03,P08,52.0,0,0.0,52.0,20,4
2026-08-28,S03,P08,52.0,0,0.0,52.0,20,4
2026-08-29,S03,P08,52.0,0,3.0,49.0,20,4
2026-08-30,S03,P08,49.0,0,1.0,48.0,20,4
2026-08-31,S03,P08,48.0,0,0.0,48.0,20,4
2026-08-01,S03,P09,60.0,0,0.0,60.0,25,3
2026-08-02,S03,P09,60.0,0,1.0,59.0,25,3
2026-08-03,S03,P09,59.0,0,2.0,57.0,25,3
2026-08-04,S03,P09,57.0,0,2.0,55.0,25,3
2026-08-05,S03,P09,55.0,0,0.0,55.0,25,3
2026-08-06,S03,P09,55.0,0,0.0,55.0,25,3
2026-08-07,S03,P09,55.0,0,3.0,52.0,25,3
2026-08-08,S03,P09,52.0,0,1.0,51.0,25,3
2026-08-09,S03,P09,51.0,0,4.0,47.0,25,3
2026-08-10,S03,P09,47.0,0,2.0,45.0,25,3
2026-08-11,S03,P09,45.0,0,3.0,42.0,25,3
2026-08-12,S03,P09,42.0,0,2.0,40.0,25,3
2026-08-13,S03,P09,40.0,0,0.0,40.0,25,3
2026-08-14,S03,P09,40.0,0,2.0,38.0,25,3
2026-08-15,S03,P09,38.0,0,2.0,36.0,25,3
2026-08-16,S03,P09,36.0,0,2.0,34.0,25,3
2026-08-17,S03,P09,34.0,0,0.0,34.0,25,3
2026-08-18,S03,P09,34.0,0,0.0,34.0,25,3
2026-08-19,S03,P09,34.0,0,0.0,34.0,25,3
2026-08-20,S03,P09,34.0,0,2.0,32.0,25,3
2026-08-21,S03,P09,32.0,0,2.0,30.0,25,3
2026-08-22,S03,P09,30.0,0,1.0,29.0,25,3
2026-08-23,S03,P09,29.0,0,1.0,28.0,25,3
2026-08-24,S03,P09,28.0,0,0.0,28.0,25,3
2026-08-25,S03,P09,28.0,0,0.0,28.0,25,3
2026-08-26,S03,P09,28.0,0,500.0,-472.0,25,3
2026-08-27,S03,P09,-472.0,0,3.0,-475.0,25,3
2026-08-28,S03,P09,-475.0,0,2.0,-477.0,25,3
2026-08-29,S03,P09,-477.0,55,6.0,-428.0,25,3
2026-08-30,S03,P09,-428.0,0,8.0,-436.0,25,3
2026-08-31,S03,P09,-436.0,0,0.0,-436.0,25,3
2026-08-01,S03,P10,75.0,0,0.0,75.0,35,3
2026-08-02,S03,P10,75.0,0,1.0,74.0,35,3
2026-08-03,S03,P10,74.0,0,2.0,72.0,35,3
2026-08-04,S03,P10,72.0,0,0.0,72.0,35,3
2026-08-05,S03,P10,72.0,0,1.0,71.0,35,3
2026-08-06,S03,P10,71.0,0,0.0,71.0,35,3
2026-08-07,S03,P10,71.0,0,4.0,67.0,35,3
2026-08-08,S03,P10,67.0,0,0.0,67.0,35,3
2026-08-09,S03,P10,67.0,0,1.0,66.0,35,3
2026-08-10,S03,P10,66.0,0,7.0,59.0,35,3
2026-08-11,S03,P10,59.0,0,2.0,57.0,35,3
2026-08-12,S03,P10,57.0,0,0.0,57.0,35,3
2026-08-13,S03,P10,57.0,0,2.0,55.0,35,3
2026-08-14,S03,P10,55.0,0,3.0,52.0,35,3
2026-08-15,S03,P10,52.0,0,2.0,50.0,35,3
2026-08-16,S03,P10,50.0,0,2.0,48.0,35,3
2026-08-17,S03,P10,48.0,0,1.0,47.0,35,3
2026-08-18,S03,P10,47.0,0,0.0,47.0,35,3
2026-08-19,S03,P10,47.0,0,2.0,45.0,35,3
2026-08-20,S03,P10,45.0,0,5.0,40.0,35,3
2026-08-21,S03,P10,40.0,0,1.0,39.0,35,3
2026-08-22,S03,P10,39.0,0,0.0,39.0,35,3
2026-08-23,S03,P10,39.0,0,5.0,34.0,35,3
2026-08-24,S03,P10,34.0,0,2.0,32.0,35,3
2026-08-25,S03,P10,32.0,0,0.0,32.0,35,3
2026-08-26,S03,P10,32.0,80,3.0,109.0,35,3
2026-08-27,S03,P10,109.0,0,1.0,108.0,35,3
2026-08-28,S03,P10,108.0,0,3.0,105.0,35,3
2026-08-29,S03,P10,105.0,0,0.0,105.0,35,3
2026-08-30,S03,P10,105.0,0,0.0,105.0,35,3
2026-08-31,S03,P10,105.0,0,1.0,104.0,35,3
2026-08-01,S04,P01,90.0,0,7.0,83.0,40,1
2026-08-02,S04,P01,83.0,0,21.0,62.0,40,1
2026-08-03,S04,P01,62.0,0,5.0,57.0,40,1
2026-08-04,S04,P01,57.0,0,14.0,43.0,40,1
2026-08-05,S04,P01,43.0,0,14.0,29.0,40,1
2026-08-06,S04,P01,29.0,100,8.0,121.0,40,1
2026-08-07,S04,P01,121.0,0,7.0,114.0,40,1
2026-08-08,S04,P01,114.0,0,13.0,101.0,40,1
2026-08-09,S04,P01,101.0,0,6.0,95.0,40,1
2026-08-10,S04,P01,95.0,0,13.0,82.0,40,1
2026-08-11,S04,P01,82.0,0,2.0,80.0,40,1
2026-08-12,S04,P01,80.0,0,5.0,75.0,40,1
2026-08-13,S04,P01,75.0,0,17.0,58.0,40,1
2026-08-14,S04,P01,58.0,0,10.0,48.0,40,1
2026-08-15,S04,P01,48.0,0,19.0,29.0,40,1
2026-08-16,S04,P01,29.0,100,16.0,113.0,40,1
2026-08-17,S04,P01,113.0,0,7.0,106.0,40,1
2026-08-18,S04,P01,106.0,0,11.0,95.0,40,1
2026-08-19,S04,P01,95.0,0,5.0,90.0,40,1
2026-08-20,S04,P01,90.0,0,6.0,84.0,40,1
2026-08-21,S04,P01,84.0,0,16.0,68.0,40,1
2026-08-22,S04,P01,68.0,0,11.0,57.0,40,1
2026-08-23,S04,P01,57.0,0,10.0,47.0,40,1
2026-08-24,S04,P01,47.0,0,2.0,45.0,40,1
2026-08-25,S04,P01,45.0,0,4.0,41.0,40,1
2026-08-26,S04,P01,41.0,0,9.0,32.0,40,1
2026-08-27,S04,P01,32.0,100,3.0,129.0,40,1
2026-08-28,S04,P01,129.0,0,11.0,118.0,40,1
2026-08-29,S04,P01,118.0,0,13.0,-3.0,40,1
2026-08-30,S04,P01,105.0,0,5.0,100.0,40,1
2026-08-31,S04,P01,100.0,0,10.0,90.0,40,1
2026-08-01,S04,P02,70.0,0,1.0,69.0,25,3
2026-08-02,S04,P02,69.0,0,4.0,65.0,25,3
2026-08-03,S04,P02,65.0,0,0.0,65.0,25,3
2026-08-04,S04,P02,65.0,0,5.0,60.0,25,3
2026-08-05,S04,P02,60.0,0,11.0,49.0,25,3
2026-08-06,S04,P02,49.0,0,0.0,49.0,25,3
2026-08-07,S04,P02,49.0,0,7.0,42.0,25,3
2026-08-08,S04,P02,42.0,0,6.0,36.0,25,3
2026-08-09,S04,P02,36.0,0,4.0,32.0,25,3
2026-08-10,S04,P02,32.0,0,5.0,27.0,25,3
2026-08-11,S04,P02,27.0,0,4.0,23.0,25,3
2026-08-12,S04,P02,23.0,0,9.0,14.0,25,3
2026-08-13,S04,P02,14.0,0,3.0,11.0,25,3
2026-08-14,S04,P02,11.0,60,6.0,65.0,25,3
2026-08-15,S04,P02,65.0,0,4.0,61.0,25,3
2026-08-16,S04,P02,61.0,0,5.0,56.0,25,3
2026-08-17,S04,P02,56.0,0,2.0,54.0,25,3
2026-08-18,S04,P02,54.0,0,4.0,50.0,25,3
2026-08-19,S04,P02,50.0,0,4.0,46.0,25,3
2026-08-20,S04,P02,46.0,0,5.0,41.0,25,3
2026-08-21,S04,P02,41.0,0,6.0,35.0,25,3
2026-08-22,S04,P02,35.0,0,3.0,32.0,25,3
2026-08-23,S04,P02,32.0,0,4.0,28.0,25,3
2026-08-24,S04,P02,28.0,0,0.0,28.0,25,3
2026-08-25,S04,P02,28.0,0,1.0,27.0,25,3
2026-08-26,S04,P02,27.0,0,8.0,19.0,25,3
2026-08-27,S04,P02,19.0,0,7.0,12.0,25,3
2026-08-28,S04,P02,12.0,0,4.0,8.0,25,3
2026-08-29,S04,P02,8.0,60,11.0,57.0,25,3
2026-08-30,S04,P02,57.0,0,6.0,51.0,25,3
2026-08-31,S04,P02,51.0,0,3.0,48.0,25,3
2026-08-01,S04,P03,80.0,0,13.0,67.0,45,1
2026-08-02,S04,P03,67.0,0,7.0,60.0,45,1
2026-08-03,S04,P03,60.0,0,6.0,54.0,45,1
2026-08-04,S04,P03,54.0,0,5.0,49.0,45,1
2026-08-05,S04,P03,49.0,0,9.0,40.0,45,1
2026-08-06,S04,P03,40.0,90,2.0,128.0,45,1
2026-08-07,S04,P03,128.0,0,4.0,124.0,45,1
2026-08-08,S04,P03,124.0,0,13.0,111.0,45,1
2026-08-09,S04,P03,111.0,0,13.0,98.0,45,1
2026-08-10,S04,P03,98.0,0,14.0,84.0,45,1
2026-08-11,S04,P03,84.0,0,,71.0,45,1
2026-08-12,S04,P03,71.0,0,7.0,64.0,45,1
2026-08-13,S04,P03,64.0,0,8.0,56.0,45,1
2026-08-14,S04,P03,56.0,0,11.0,45.0,45,1
2026-08-15,S04,P03,45.0,90,19.0,116.0,45,1
2026-08-16,S04,P03,116.0,0,13.0,103.0,45,1
2026-08-17,S04,P03,103.0,0,5.0,98.0,45,1
2026-08-18,S04,P03,98.0,0,267.0,-15.0,45,1
2026-08-19,S04,P03,-169.0,90,12.0,-91.0,45,1
2026-08-20,S04,P03,-91.0,90,4.0,-5.0,45,1
2026-08-21,S04,P03,-5.0,90,3.0,82.0,45,1
2026-08-22,S04,P03,82.0,0,16.0,66.0,45,1
2026-08-23,S04,P03,66.0,0,9.0,57.0,45,1
2026-08-24,S04,P03,57.0,0,8.0,49.0,45,1
2026-08-25,S04,P03,49.0,0,11.0,38.0,45,1
2026-08-26,S04,P03,38.0,90,9.0,119.0,45,1
2026-08-27,S04,P03,119.0,0,88.0,31.0,45,1
2026-08-28,S04,P03,31.0,90,12.0,109.0,45,1
2026-08-29,S04,P03,109.0,0,12.0,97.0,45,1
2026-08-30,S04,P03,97.0,0,18.0,79.0,45,1
2026-08-31,S04,P03,79.0,0,8.0,71.0,45,1
2026-08-01,S04,P04,65.0,0,3.0,62.0,30,2
2026-08-02,S04,P04,62.0,0,5.0,57.0,30,2
2026-08-03,S04,P04,57.0,0,4.0,53.0,30,2
2026-08-04,S04,P04,53.0,0,5.0,48.0,30,2
2026-08-05,S04,P04,48.0,0,3.0,45.0,30,2
2026-08-06,S04,P04,45.0,0,1.0,44.0,30,2
2026-08-07,S04,P04,44.0,0,2.0,42.0,30,2
2026-08-08,S04,P04,42.0,0,8.0,34.0,30,2
2026-08-09,S04,P04,34.0,0,7.0,27.0,30,2
2026-08-10,S04,P04,27.0,0,0.0,27.0,30,2
2026-08-11,S04,P04,27.0,70,4.0,93.0,30,2
2026-08-12,S04,P04,93.0,0,2.0,91.0,30,2
2026-08-13,S04,P04,91.0,0,6.0,85.0,30,2
2026-08-14,S04,P04,85.0,0,0.0,85.0,30,2
2026-08-15,S04,P04,85.0,0,5.0,80.0,30,2
2026-08-16,S04,P04,80.0,0,10.0,70.0,30,2
2026-08-17,S04,P04,70.0,0,2.0,68.0,30,2
2026-08-18,S04,P04,68.0,0,1.0,67.0,30,2
2026-08-19,S04,P04,67.0,0,2.0,65.0,30,2
2026-08-20,S04,P04,65.0,0,7.0,58.0,30,2
2026-08-21,S04,P04,58.0,0,3.0,55.0,30,2
2026-08-22,S04,P04,55.0,0,0.0,55.0,30,2
2026-08-23,S04,P04,55.0,0,3.0,52.0,30,2
2026-08-24,S04,P04,52.0,0,2.0,50.0,30,2
2026-08-25,S04,P04,50.0,0,14.0,36.0,30,2
2026-08-26,S04,P04,36.0,0,2.0,34.0,30,2
2026-08-27,S04,P04,34.0,0,1.0,33.0,30,2
2026-08-28,S04,P04,33.0,0,3.0,30.0,30,2
2026-08-29,S04,P04,30.0,0,4.0,26.0,30,2
2026-08-30,S04,P04,26.0,70,8.0,88.0,30,2
2026-08-31,S04,P04,88.0,0,5.0,83.0,30,2
2026-08-01,S04,P05,110.0,0,12.0,98.0,50,2
2026-08-02,S04,P05,98.0,0,7.0,91.0,50,2
2026-08-03,S04,P05,91.0,0,12.0,79.0,50,2
2026-08-04,S04,P05,79.0,0,6.0,73.0,50,2
2026-08-05,S04,P05,73.0,0,11.0,62.0,50,2
2026-08-06,S04,P05,62.0,0,10.0,52.0,50,2
2026-08-07,S04,P05,52.0,0,3.0,49.0,50,2
2026-08-08,S04,P05,49.0,0,2.0,47.0,50,2
2026-08-09,S04,P05,47.0,120,7.0,160.0,50,2
2026-08-10,S04,P05,160.0,0,4.0,156.0,50,2
2026-08-11,S04,P05,156.0,0,13.0,143.0,50,2
2026-08-12,S04,P05,143.0,0,3.0,140.0,50,2
2026-08-13,S04,P05,140.0,0,2.0,138.0,50,2
2026-08-14,S04,P05,138.0,0,7.0,131.0,50,2
2026-08-15,S04,P05,131.0,0,3.0,128.0,50,2
2026-08-16,S04,P05,128.0,0,7.0,121.0,50,2
2026-08-17,S04,P05,121.0,0,6.0,115.0,50,2
2026-08-18,S04,P05,115.0,0,9.0,106.0,50,2
2026-08-19,S04,P05,106.0,0,9.0,97.0,50,2
2026-08-20,S04,P05,97.0,0,4.0,93.0,50,2
2026-08-21,S04,P05,93.0,0,0.0,93.0,50,2
2026-08-22,S04,P05,93.0,0,5.0,88.0,50,2
2026-08-23,S04,P05,88.0,0,2.0,86.0,50,2
2026-08-24,S04,P05,86.0,0,2.0,84.0,50,2
2026-08-25,S04,P05,84.0,0,3.0,81.0,50,2
2026-08-26,S04,P05,81.0,0,4.0,77.0,50,2
2026-08-27,S04,P05,,0,7.0,70.0,50,2
2026-08-28,S04,P05,70.0,0,8.0,62.0,50,2
2026-08-29,S04,P05,62.0,0,5.0,57.0,50,2
2026-08-30,S04,P05,57.0,0,3.0,54.0,50,2
2026-08-31,S04,P05,54.0,0,5.0,49.0,50,2
2026-08-01,S04,P06,55.0,0,3.0,52.0,20,4
2026-08-02,S04,P06,52.0,0,0.0,52.0,20,4
2026-08-03,S04,P06,52.0,0,6.0,46.0,20,4
2026-08-04,S04,P06,46.0,0,2.0,44.0,20,4
2026-08-05,S04,P06,44.0,0,3.0,41.0,20,4
2026-08-06,S04,P06,41.0,0,3.0,38.0,20,4
2026-08-07,S04,P06,38.0,0,1.0,37.0,20,4
2026-08-08,S04,P06,37.0,0,7.0,30.0,20,4
2026-08-09,S04,P06,30.0,0,4.0,26.0,20,4
2026-08-10,S04,P06,26.0,0,5.0,21.0,20,4
2026-08-11,S04,P06,21.0,0,2.0,19.0,20,4
2026-08-12,S04,P06,19.0,0,1.0,18.0,20,4
2026-08-13,S04,P06,18.0,0,1.0,17.0,20,4
2026-08-14,S04,P06,17.0,0,1.0,16.0,20,4
2026-08-15,S04,P06,16.0,50,2.0,64.0,20,4
2026-08-16,S04,P06,64.0,0,5.0,59.0,20,4
2026-08-17,S04,P06,59.0,0,5.0,54.0,20,4
2026-08-18,S04,P06,54.0,0,2.0,52.0,20,4
2026-08-19,S04,P06,52.0,0,0.0,52.0,20,4
2026-08-20,S04,P06,52.0,0,1.0,51.0,20,4
2026-08-21,S04,P06,51.0,0,0.0,51.0,20,4
2026-08-22,S04,P06,51.0,0,2.0,49.0,20,4
2026-08-23,S04,P06,49.0,0,0.0,49.0,20,4
2026-08-24,S04,P06,49.0,0,3.0,46.0,20,4
2026-08-25,S04,P06,46.0,0,1.0,45.0,20,4
2026-08-26,S04,P06,45.0,0,2.0,43.0,20,4
2026-08-27,S04,P06,43.0,0,0.0,43.0,20,4
2026-08-28,S04,P06,43.0,0,1.0,42.0,20,4
2026-08-29,S04,P06,42.0,0,7.0,35.0,20,4
2026-08-30,S04,P06,35.0,0,0.0,35.0,20,4
2026-08-31,S04,P06,35.0,0,6.0,29.0,20,4
2026-08-01,S04,P07,60.0,0,1.0,59.0,25,5
2026-08-02,S04,P07,59.0,0,3.0,56.0,25,5
2026-08-03,S04,P07,56.0,0,0.0,56.0,25,5
2026-08-04,S04,P07,56.0,0,0.0,56.0,25,5
2026-08-05,S04,P07,56.0,0,0.0,56.0,25,5
2026-08-06,S04,P07,56.0,0,0.0,56.0,25,5
2026-08-07,S04,P07,56.0,0,2.0,54.0,25,5
2026-08-08,S04,P07,54.0,0,2.0,52.0,25,5
2026-08-09,S04,P07,52.0,0,1.0,51.0,25,5
2026-08-10,S04,P07,51.0,0,0.0,51.0,25,5
2026-08-11,S04,P07,51.0,0,0.0,51.0,25,5
2026-08-12,S04,P07,51.0,0,0.0,51.0,25,5
2026-08-13,S04,P07,51.0,0,1.0,50.0,25,5
2026-08-14,S04,P07,50.0,0,1.0,49.0,25,5
2026-08-15,S04,P07,49.0,0,3.0,46.0,25,5
2026-08-16,S04,P07,46.0,0,10.0,36.0,25,5
2026-08-17,S04,P07,36.0,0,2.0,34.0,25,5
2026-08-18,S04,P07,34.0,0,7.0,27.0,25,5
2026-08-19,S04,P07,27.0,0,2.0,25.0,25,5
2026-08-20,S04,P07,25.0,0,2.0,23.0,25,5
2026-08-21,S04,P07,23.0,0,3.0,20.0,25,5
2026-08-22,S04,P07,20.0,0,7.0,13.0,25,5
2026-08-23,S04,P07,13.0,0,,10.0,25,5
2026-08-24,S04,P07,10.0,60,0.0,70.0,25,5
2026-08-25,S04,P07,70.0,0,0.0,70.0,25,5
2026-08-26,S04,P07,70.0,0,4.0,66.0,25,5
2026-08-27,S04,P07,66.0,0,6.0,60.0,25,5
2026-08-28,S04,P07,60.0,0,5.0,55.0,25,5
2026-08-29,S04,P07,55.0,0,3.0,52.0,25,5
2026-08-30,S04,P07,52.0,0,5.0,47.0,25,5
2026-08-31,S04,P07,47.0,0,0.0,47.0,25,5
2026-08-01,S04,P08,50.0,0,3.0,47.0,20,4
2026-08-02,S04,P08,47.0,0,1.0,46.0,20,4
2026-08-03,S04,P08,46.0,0,0.0,46.0,20,4
2026-08-04,S04,P08,46.0,0,0.0,46.0,20,4
2026-08-05,S04,P08,46.0,0,0.0,46.0,20,4
2026-08-06,S04,P08,46.0,0,3.0,43.0,20,4
2026-08-07,S04,P08,43.0,0,4.0,39.0,20,4
2026-08-08,S04,P08,39.0,0,6.0,33.0,20,4
2026-08-09,S04,P08,33.0,0,2.0,31.0,20,4
2026-08-10,S04,P08,31.0,0,2.0,29.0,20,4
2026-08-11,S04,P08,29.0,0,1.0,28.0,20,4
2026-08-12,S04,P08,28.0,0,2.0,26.0,20,4
2026-08-13,S04,P08,26.0,0,1.0,25.0,20,4
2026-08-14,S04,P08,25.0,0,0.0,25.0,20,4
2026-08-15,S04,P08,25.0,0,2.0,23.0,20,4
2026-08-16,S04,P08,23.0,0,2.0,21.0,20,4
2026-08-17,S04,P08,21.0,0,4.0,17.0,20,4
2026-08-18,S04,P08,17.0,0,0.0,17.0,20,4
2026-08-19,S04,P08,17.0,0,1.0,16.0,20,4
2026-08-20,S04,P08,16.0,0,6.0,10.0,20,4
2026-08-21,S04,P08,10.0,45,0.0,55.0,20,4
2026-08-22,S04,P08,55.0,0,6.0,49.0,20,4
2026-08-23,S04,P08,49.0,0,4.0,45.0,20,4
2026-08-24,S04,P08,45.0,0,5.0,40.0,20,4
2026-08-25,S04,P08,40.0,0,4.0,36.0,20,4
2026-08-26,S04,P08,36.0,0,0.0,36.0,20,4
2026-08-27,S04,P08,36.0,0,3.0,33.0,20,4
2026-08-28,S04,P08,33.0,0,0.0,33.0,20,4
2026-08-29,S04,P08,33.0,0,0.0,33.0,20,4
2026-08-30,S04,P08,33.0,0,3.0,30.0,20,4
2026-08-31,S04,P08,30.0,0,3.0,27.0,20,4
2026-08-01,S04,P09,60.0,0,0.0,60.0,25,3
2026-08-02,S04,P09,60.0,0,0.0,60.0,25,3
2026-08-03,S04,P09,60.0,0,1.0,59.0,25,3
2026-08-04,S04,P09,59.0,0,1.0,58.0,25,3
2026-08-05,S04,P09,58.0,0,0.0,58.0,25,3
2026-08-06,S04,P09,58.0,0,1.0,57.0,25,3
2026-08-07,S04,P09,57.0,0,3.0,54.0,25,3
2026-08-08,S04,P09,54.0,0,7.0,47.0,25,3
2026-08-09,S04,P09,47.0,0,5.0,-3.0,25,3
2026-08-10,S04,P09,42.0,0,6.0,36.0,25,3
2026-08-11,S04,P09,36.0,0,5.0,31.0,25,3
2026-08-12,S04,P09,8888.0,0,2.0,29.0,25,3
2026-08-13,S04,P09,29.0,0,0.0,29.0,25,3
2026-08-14,S04,P09,29.0,0,0.0,29.0,25,3
2026-08-15,S04,P09,29.0,0,0.0,29.0,25,3
2026-08-16,S04,P09,29.0,0,1.0,28.0,25,3
2026-08-17,S04,P09,28.0,0,0.0,28.0,25,3
2026-08-18,S04,P09,28.0,0,3.0,25.0,25,3
2026-08-19,S04,P09,25.0,0,1.0,24.0,25,3
2026-08-20,S04,P09,24.0,0,3.0,21.0,25,3
2026-08-21,S04,P09,21.0,55,0.0,76.0,25,3
2026-08-22,S04,P09,76.0,0,4.0,72.0,25,3
2026-08-23,S04,P09,72.0,0,7.0,65.0,25,3
2026-08-24,S04,P09,65.0,0,1.0,64.0,25,3
2026-08-25,S04,P09,64.0,0,3.0,61.0,25,3
2026-08-26,S04,P09,61.0,0,2.0,59.0,25,3
2026-08-27,S04,P09,59.0,0,4.0,55.0,25,3
2026-08-28,S04,P09,55.0,0,4.0,51.0,25,3
2026-08-29,S04,P09,51.0,0,4.0,47.0,25,3
2026-08-30,S04,P09,47.0,0,5.0,42.0,25,3
2026-08-31,S04,P09,42.0,0,0.0,42.0,25,3
2026-08-01,S04,P10,75.0,0,13.0,62.0,35,3
2026-08-02,S04,P10,62.0,0,2.0,60.0,35,3
2026-08-03,S04,P10,60.0,0,0.0,60.0,35,3
2026-08-04,S04,P10,60.0,0,4.0,56.0,35,3
2026-08-05,S04,P10,56.0,0,0.0,56.0,35,3
2026-08-06,S04,P10,56.0,0,2.0,54.0,35,3
2026-08-07,S04,P10,54.0,0,1.0,53.0,35,3
2026-08-08,S04,P10,53.0,0,12.0,41.0,35,3
2026-08-09,S04,P10,41.0,0,7.0,34.0,35,3
2026-08-10,S04,P10,34.0,0,0.0,34.0,35,3
2026-08-11,S04,P10,34.0,0,1.0,33.0,35,3
2026-08-12,S04,P10,33.0,80,3.0,110.0,35,3
2026-08-13,S04,P10,110.0,0,1.0,109.0,35,3
2026-08-14,S04,P10,109.0,0,0.0,109.0,35,3
2026-08-15,S04,P10,109.0,0,9.0,100.0,35,3
2026-08-16,S04,P10,100.0,0,2.0,98.0,35,3
2026-08-17,S04,P10,98.0,0,8.0,90.0,35,3
2026-08-18,S04,P10,90.0,0,0.0,90.0,35,3
2026-08-19,S04,P10,90.0,0,4.0,86.0,35,3
2026-08-20,S04,P10,86.0,0,1.0,85.0,35,3
2026-08-21,S04,P10,85.0,0,1.0,84.0,35,3
2026-08-22,S04,P10,84.0,0,3.0,81.0,35,3
2026-08-23,S04,P10,81.0,0,1.0,80.0,35,3
2026-08-24,S04,P10,80.0,0,4.0,76.0,35,3
2026-08-25,S04,P10,76.0,0,1.0,75.0,35,3
2026-08-26,S04,P10,75.0,0,0.0,75.0,35,3
2026-08-27,S04,P10,75.0,0,3.0,72.0,35,3
2026-08-28,S04,P10,72.0,0,3.0,,35,3
2026-08-29,S04,P10,69.0,0,4.0,65.0,35,3
2026-08-30,S04,P10,65.0,0,8.0,57.0,35,3
2026-08-31,S04,P10,57.0,0,0.0,57.0,35,3
