Employee_ID,Designation,Experience,Education,Location,Performance_Score,Salary,Salary_Increment
EMP0001,Junior Developer,22,Bachelor,New York,3,118999,5949
EMP0002,Director,17,PhD,Bangalore,4,135052,10804
EMP0003,Team Lead,9,Bachelor,Toronto,3,135096,6754
EMP0004,Senior Developer,1,Bachelor,Bangalore,2,50895,1017
EMP0005,Junior Developer,21,PhD,Toronto,1,103404,0
EMP0006,Junior Developer,20,Bachelor,London,5,110817,13298
EMP0007,Junior Developer,13,Bachelor,London,5,90331,10839
EMP0008,Manager,16,Bachelor,London,1,199462,0
EMP0009,Senior Developer,13,Bachelor,Bangalore,1,71105,0
EMP0010,Team Lead,14,Bachelor,London,2,157978,3159
EMP0011,Junior Developer,3,Master,New York,3,75839,3791
EMP0012,Director,6,Bachelor,Toronto,5,210384,25246
EMP0013,Team Lead,18,Bachelor,Toronto,2,151685,3033
EMP0014,Junior Developer,19,Bachelor,New York,3,112531,5626
EMP0015,Junior Developer,5,Bachelor,Bangalore,2,39283,785
EMP0016,Junior Developer,15,PhD,Bangalore,5,62736,7528
EMP0017,Junior Developer,2,Bachelor,Toronto,1,66710,0
EMP0018,Senior Developer,10,Bachelor,London,1,115619,0
EMP0019,Senior Developer,24,Master,Bangalore,3,94868,4743
EMP0020,Junior Developer,18,Bachelor,Bangalore,4,62431,4994
EMP0021,Senior Developer,13,Bachelor,New York,3,138067,6903
EMP0022,Junior Developer,5,Bachelor,New York,4,81713,6537
EMP0023,Junior Developer,23,Bachelor,London,2,116557,2331
EMP0024,Junior Developer,24,Bachelor,Bangalore,2,82435,1648
EMP0025,Senior Developer,1,Bachelor,Bangalore,5,46998,5639
EMP0026,Team Lead,22,Master,New York,4,183162,14652
EMP0027,Junior Developer,1,Bachelor,Bangalore,5,28974,3476
EMP0028,Senior Developer,18,Bachelor,Toronto,1,124291,0
EMP0029,Senior Developer,15,Master,New York,4,141461,11316
EMP0030,Junior Developer,17,Bachelor,London,3,95631,4781
EMP0031,Senior Developer,11,Master,New York,1,125905,0
EMP0032,Junior Developer,21,Bachelor,Bangalore,1,69014,0
EMP0033,Junior Developer,22,Bachelor,London,3,114833,5741
EMP0034,Manager,17,Master,New York,1,216896,0
EMP0035,Director,13,Bachelor,Toronto,4,221204,17696
EMP0036,Team Lead,1,Bachelor,Toronto,5,117581,14109
EMP0037,Junior Developer,2,Bachelor,New York,1,76675,0
EMP0038,Junior Developer,9,Bachelor,Toronto,4,82032,6562
EMP0039,Senior Developer,3,Master,Toronto,2,96347,1926
EMP0040,Senior Developer,1,Bachelor,Toronto,4,96911,7752
EMP0041,Junior Developer,21,Bachelor,London,5,105643,12677
EMP0042,Senior Developer,16,Bachelor,Toronto,4,125017,10001
EMP0043,Junior Developer,23,Master,Toronto,3,103297,5164
EMP0044,Manager,6,Bachelor,Toronto,5,157874,18944
EMP0045,Junior Developer,17,Master,London,2,100560,2011
EMP0046,Senior Developer,5,Bachelor,New York,3,113689,5684
EMP0047,Junior Developer,5,Master,Bangalore,4,39000,3120
EMP0048,Senior Developer,6,PhD,Toronto,5,106614,12793
EMP0049,Senior Developer,3,Master,New York,2,109671,2193
EMP0050,Junior Developer,21,Master,Toronto,3,104927,5246
EMP0051,Director,23,Bachelor,London,2,262171,5243
EMP0052,Team Lead,5,Bachelor,New York,4,154591,12367
EMP0053,Manager,21,Bachelor,London,2,211135,4222
EMP0054,Manager,5,Bachelor,Toronto,1,161342,0
EMP0055,Senior Developer,10,Bachelor,Toronto,3,106449,5322
EMP0056,Manager,10,Bachelor,London,2,182539,3650
EMP0057,Junior Developer,19,Bachelor,Bangalore,4,66959,5356
EMP0058,Junior Developer,17,Bachelor,London,4,101285,8102
EMP0059,Junior Developer,21,Master,Toronto,2,102432,2048
EMP0060,Junior Developer,14,Bachelor,London,4,93260,7460
EMP0061,Junior Developer,9,Master,Bangalore,5,45361,5443
EMP0062,Junior Developer,14,Master,London,5,95164,11419
EMP0063,Team Lead,1,PhD,Bangalore,5,60670,7280
EMP0064,Junior Developer,19,Master,Bangalore,1,64753,0
EMP0065,Junior Developer,13,Master,London,2,95100,1902
EMP0066,Senior Developer,13,PhD,London,1,121938,0
EMP0067,Junior Developer,4,PhD,New York,4,83562,6684
EMP0068,Team Lead,1,Bachelor,Toronto,1,122976,0
EMP0069,Junior Developer,17,Bachelor,Bangalore,4,65588,5247
EMP0070,Director,8,Bachelor,New York,4,259616,20769
EMP0071,Team Lead,2,Bachelor,London,3,137304,6865
EMP0072,Junior Developer,8,Master,Toronto,5,78345,9401
EMP0073,Junior Developer,7,Master,New York,4,88875,7110
EMP0074,Team Lead,2,Master,Bangalore,3,68086,3404
EMP0075,Team Lead,22,Bachelor,New York,5,189633,22755
EMP0076,Team Lead,22,Master,Bangalore,4,99597,7967
EMP0077,Team Lead,3,Master,London,4,136062,10884
EMP0078,Junior Developer,18,Master,Toronto,1,93336,0
EMP0079,Junior Developer,12,PhD,Toronto,1,88879,0
EMP0080,Junior Developer,1,Master,Toronto,5,57572,6908
EMP0081,Manager,22,Bachelor,London,4,211521,16921
EMP0082,Senior Developer,12,Master,Bangalore,2,70171,1403
EMP0083,Junior Developer,5,Bachelor,London,1,78097,0
EMP0084,Junior Developer,17,Bachelor,Toronto,5,91090,10930
EMP0085,Junior Developer,16,Master,London,4,99566,7965
EMP0086,Junior Developer,15,Bachelor,London,4,95624,7649
EMP0087,Team Lead,23,Master,London,2,174633,3492
EMP0088,Senior Developer,15,Bachelor,Bangalore,5,71517,8582
EMP0089,Manager,5,Master,New York,4,188648,15091
EMP0090,Senior Developer,21,Bachelor,New York,1,146537,0
EMP0091,Junior Developer,14,PhD,London,2,92137,1842
EMP0092,Team Lead,2,Master,New York,5,149985,17998
EMP0093,Team Lead,11,Bachelor,New York,2,161097,3221
EMP0094,Senior Developer,19,Bachelor,London,1,135750,0
EMP0095,Team Lead,7,PhD,London,5,149535,17944
EMP0096,Senior Developer,6,Bachelor,Toronto,2,105174,2103
EMP0097,Senior Developer,2,Bachelor,New York,3,115103,5755
EMP0098,Senior Developer,6,Bachelor,Bangalore,1,57413,0
EMP0099,Junior Developer,18,Bachelor,London,1,101666,0
EMP0100,Junior Developer,2,Master,Toronto,1,59610,0
EMP0101,Junior Developer,18,Master,Bangalore,3,62727,3136
EMP0102,Senior Developer,15,Bachelor,New York,3,134854,6742
EMP0103,Junior Developer,19,Bachelor,Toronto,4,98055,7844
EMP0104,Senior Developer,2,Master,London,2,100324,2006
EMP0105,Manager,20,Bachelor,Bangalore,4,119369,9549
EMP0106,Junior Developer,6,Bachelor,London,2,179184,1645
EMP0107,Senior Developer,1,PhD,New York,3,110774,5538
EMP0108,Team Lead,24,Master,Bangalore,3,109519,5475
EMP0109,Junior Developer,15,Master,New York,4,98749,7899
EMP0110,Junior Developer,23,Master,New York,5,113781,13653
EMP0111,Junior Developer,10,Bachelor,Toronto,4,82548,6603
EMP0112,Junior Developer,19,Master,London,2,105823,2116
EMP0113,Manager,17,Bachelor,Bangalore,4,106105,8488
EMP0114,Team Lead,5,Bachelor,New York,1,152867,0
EMP0115,Senior Developer,4,Bachelor,New York,2,118193,2363
EMP0116,Manager,10,Bachelor,Bangalore,2,94976,1899
EMP0117,Team Lead,24,Master,New York,5,189113,22693
EMP0118,Junior Developer,17,Bachelor,Toronto,3,94879,4743
EMP0119,Manager,10,Bachelor,Toronto,2,168970,3379
EMP0120,Senior Developer,17,Bachelor,Toronto,3,128259,6412
EMP0121,Team Lead,20,Bachelor,Toronto,4,162264,12981
EMP0122,Manager,24,Master,New York,1,224577,0
EMP0123,Junior Developer,5,Bachelor,Bangalore,5,44203,5304
EMP0124,Junior Developer,2,Master,Bangalore,3,31274,1563
EMP0125,Junior Developer,6,Bachelor,Bangalore,2,41869,837
EMP0126,Senior Developer,21,Bachelor,Bangalore,3,88744,4437
EMP0127,Team Lead,2,Master,London,2,133426,2668
EMP0128,Manager,13,Bachelor,Bangalore,3,101546,5077
EMP0129,Junior Developer,11,Master,London,2,89852,1797
EMP0130,Senior Developer,11,Bachelor,London,4,118551,9484
EMP0131,Senior Developer,16,Bachelor,Toronto,2,123411,2468
EMP0132,Junior Developer,11,PhD,London,2,83007,1660
EMP0133,Junior Developer,19,Bachelor,New York,1,113087,0
EMP0134,Junior Developer,15,Bachelor,London,2,93555,1871
EMP0135,Manager,23,Master,Toronto,1,191475,0
EMP0136,Junior Developer,23,Bachelor,London,5,112416,13489
EMP0137,Senior Developer,16,Master,New York,1,143676,0
EMP0138,Team Lead,11,Bachelor,New York,4,168239,13459
EMP0139,Junior Developer,22,PhD,New York,1,117710,0
EMP0140,Director,16,Master,Toronto,5,232000,27840
EMP0141,Director,8,Master,Toronto,4,215654,17252
EMP0142,Junior Developer,4,PhD,Bangalore,3,41078,2053
EMP0143,Senior Developer,8,Bachelor,Toronto,3,107063,5353
EMP0144,Junior Developer,4,PhD,New York,1,77285,0
EMP0145,Junior Developer,24,Bachelor,New York,1,120223,0
EMP0146,Junior Developer,3,Bachelor,Toronto,5,67971,8156
EMP0147,Senior Developer,3,Bachelor,London,5,103525,12423
EMP0148,Senior Developer,18,Bachelor,Toronto,2,123822,2476
EMP0149,Junior Developer,19,Bachelor,Toronto,5,97943,11753
EMP0150,Junior Developer,19,Master,New York,2,111530,2230
EMP0151,Manager,21,Master,Bangalore,4,112258,8980
EMP0152,Junior Developer,5,PhD,New York,1,77282,0
EMP0153,Junior Developer,18,Bachelor,Bangalore,4,62898,5031
EMP0154,Senior Developer,10,Master,New York,5,127135,15256
EMP0155,Director,22,Bachelor,Toronto,4,245629,19650
EMP0156,Junior Developer,21,Bachelor,New York,4,112200,8976
EMP0157,Senior Developer,6,Bachelor,New York,4,120110,9608
EMP0158,Team Lead,1,Bachelor,New York,5,148167,17780
EMP0159,Junior Developer,5,Master,Toronto,4,65612,5248
EMP0160,Team Lead,9,Bachelor,Toronto,2,133687,2673
EMP0161,Junior Developer,12,Bachelor,Toronto,5,82690,9922
EMP0162,Senior Developer,14,Bachelor,Toronto,4,121804,9744
EMP0163,Senior Developer,2,Bachelor,Bangalore,5,46307,5556
EMP0164,Senior Developer,17,Bachelor,Bangalore,3,81133,4056
EMP0165,Junior Developer,14,PhD,London,2,95509,1910
EMP0166,Team Lead,13,Bachelor,Toronto,4,309263,12077
EMP0167,Junior Developer,9,Bachelor,Bangalore,3,106354,2445
EMP0168,Junior Developer,15,Bachelor,New York,3,99591,4979
EMP0169,Junior Developer,22,Master,Toronto,5,106183,12741
EMP0170,Senior Developer,15,PhD,London,3,129248,6462
EMP0171,Senior Developer,24,Master,London,2,150766,3015
EMP0172,Junior Developer,11,Master,London,2,88108,1762
EMP0173,Senior Developer,16,Bachelor,New York,1,138604,0
EMP0174,Junior Developer,17,Bachelor,Bangalore,2,59669,1193
EMP0175,Senior Developer,4,PhD,New York,3,115364,5768
EMP0176,Junior Developer,1,Master,Toronto,2,64329,1286
EMP0177,Senior Developer,8,Master,London,5,111283,13353
EMP0178,Junior Developer,17,Master,New York,1,101923,0
EMP0179,Manager,3,Master,New York,3,182125,9106
EMP0180,Junior Developer,20,Master,Bangalore,1,66529,0
EMP0181,Junior Developer,15,PhD,Bangalore,3,64786,3239
EMP0182,Junior Developer,15,PhD,London,5,99438,11932
EMP0183,Manager,24,Master,New York,1,226711,0
EMP0184,Manager,22,Master,New York,4,227004,18160
EMP0185,Junior Developer,14,Bachelor,Bangalore,3,62752,3137
EMP0186,Senior Developer,23,Master,New York,4,155274,12421
EMP0187,Team Lead,14,Bachelor,New York,1,170864,0
EMP0188,Senior Developer,24,Bachelor,New York,4,158833,12706
EMP0189,Senior Developer,2,PhD,Bangalore,4,50788,4063
EMP0190,Junior Developer,13,Bachelor,London,1,87226,0
EMP0191,Junior Developer,14,Bachelor,Toronto,5,83264,9991
EMP0192,Manager,24,Bachelor,London,4,217587,17406
EMP0193,Manager,19,Bachelor,Toronto,4,183645,14691
EMP0194,Senior Developer,7,Master,New York,5,124544,14945
EMP0195,Junior Developer,3,Bachelor,London,4,72569,5805
EMP0196,Junior Developer,15,Bachelor,Toronto,4,87990,7039
EMP0197,Team Lead,23,Bachelor,Bangalore,4,103504,8280
EMP0198,Manager,14,Master,Bangalore,2,107346,2146
EMP0199,Manager,11,Master,London,5,182587,21910
EMP0200,Team Lead,15,Bachelor,London,4,166177,13294
EMP0201,Senior Developer,13,Bachelor,New York,5,133079,15969
EMP0202,Junior Developer,18,Bachelor,London,3,100348,5017
EMP0203,Junior Developer,6,Master,New York,3,85299,4264
EMP0204,Manager,3,Master,New York,4,184831,14786
EMP0205,Senior Developer,19,Bachelor,Bangalore,5,87433,10491
EMP0206,Junior Developer,15,Bachelor,Bangalore,5,63381,7605
EMP0207,Junior Developer,23,Bachelor,Toronto,5,110172,13220
EMP0208,Senior Developer,5,Master,Bangalore,2,59890,1197
EMP0209,Junior Developer,10,Bachelor,Bangalore,3,46715,2335
EMP0210,Junior Developer,7,Bachelor,London,5,81450,9774
EMP0211,Senior Developer,17,Bachelor,Bangalore,5,79433,9531
EMP0212,Senior Developer,7,Bachelor,Toronto,2,100098,2001
EMP0213,Senior Developer,22,Master,London,2,145096,2901
EMP0214,Junior Developer,12,Bachelor,Toronto,5,81326,9759
EMP0215,Team Lead,17,Master,Bangalore,1,98087,0
EMP0216,Junior Developer,13,Master,Toronto,5,87416,10489
EMP0217,Junior Developer,20,Bachelor,London,5,107980,12957
EMP0218,Team Lead,4,Bachelor,New York,2,153763,3075
EMP0219,Senior Developer,10,Master,Toronto,2,106674,2133
EMP0220,Team Lead,3,Bachelor,Toronto,5,128950,15474
EMP0221,Senior Developer,9,Bachelor,London,5,121122,14534
EMP0222,Senior Developer,13,PhD,London,5,128915,15469
EMP0223,Junior Developer,18,Bachelor,Toronto,2,97049,1940
EMP0224,Junior Developer,15,Bachelor,Bangalore,5,56089,6730
EMP0225,Junior Developer,4,Bachelor,Toronto,5,67578,8109
EMP0226,Junior Developer,15,PhD,London,4,100127,8010
EMP0227,Director,22,Bachelor,New York,1,279155,0
EMP0228,Junior Developer,2,Bachelor,New York,3,80262,4013
EMP0229,Manager,15,Bachelor,Bangalore,1,101958,0
EMP0230,Senior Developer,8,Bachelor,Toronto,4,107344,8587
EMP0231,Team Lead,8,Bachelor,New York,3,160779,8038
EMP0232,Senior Developer,17,Bachelor,Toronto,5,125144,15017
EMP0233,Senior Developer,12,Bachelor,London,4,123063,9845
EMP0234,Senior Developer,19,Bachelor,New York,5,144830,17379
EMP0235,Junior Developer,10,Bachelor,Bangalore,2,54046,1080
EMP0236,Team Lead,9,Bachelor,London,4,153831,12306
EMP0237,Junior Developer,5,Bachelor,Bangalore,2,77727,895
EMP0238,Junior Developer,6,Bachelor,London,4,79659,6372
EMP0239,Senior Developer,20,Master,New York,4,143441,11475
EMP0240,Junior Developer,2,Bachelor,Bangalore,2,35040,700
EMP0241,Manager,24,Bachelor,Bangalore,3,123925,6196
EMP0242,Director,13,Bachelor,London,1,248358,0
EMP0243,Manager,6,Master,Bangalore,5,86628,10395
EMP0244,Junior Developer,5,Master,London,4,77370,6189
EMP0245,Junior Developer,1,Bachelor,London,5,72528,8703
EMP0246,Manager,21,Bachelor,London,2,202948,4058
EMP0247,Senior Developer,22,PhD,London,5,146179,17541
EMP0248,Director,21,Bachelor,New York,2,283115,5662
EMP0249,Director,6,Bachelor,London,5,227459,27295
EMP0250,Manager,6,Bachelor,Toronto,1,164568,0
EMP0251,Junior Developer,23,Bachelor,Bangalore,1,75646,0
EMP0252,Junior Developer,16,PhD,Toronto,1,87392,0
EMP0253,Manager,4,Master,New York,1,184787,0
EMP0254,Junior Developer,11,Bachelor,Toronto,1,147482,0
EMP0255,Junior Developer,24,Bachelor,Bangalore,1,74138,0
EMP0256,Senior Developer,23,PhD,Toronto,2,135741,2714
EMP0257,Manager,9,Master,New York,4,200418,16033
EMP0258,Senior Developer,23,Master,London,5,146362,17563
EMP0259,Senior Developer,3,PhD,Toronto,1,93454,0
EMP0260,Junior Developer,19,PhD,New York,2,114658,2293
EMP0261,Senior Developer,8,Master,New York,2,122674,2453
EMP0262,Director,5,Bachelor,Bangalore,2,106377,2127
EMP0263,Junior Developer,4,Bachelor,Bangalore,4,39701,3176
EMP0264,Senior Developer,24,Master,Toronto,5,135597,16271
EMP0265,Manager,6,Bachelor,London,4,172141,13771
EMP0266,Team Lead,2,Master,New York,3,145659,7282
EMP0267,Senior Developer,20,Bachelor,Toronto,2,129596,2591
EMP0268,Team Lead,11,Bachelor,New York,3,170031,8501
EMP0269,Junior Developer,4,Bachelor,New York,1,80661,0
EMP0270,Junior Developer,15,Bachelor,London,1,97142,0
EMP0271,Team Lead,6,PhD,London,4,144626,11570
EMP0272,Team Lead,22,Master,Toronto,5,167787,20134
EMP0273,Manager,17,Master,London,3,202472,10123
EMP0274,Manager,24,Master,London,5,208423,25010
EMP0275,Senior Developer,6,Bachelor,Toronto,4,103999,8319
EMP0276,Senior Developer,19,Bachelor,London,1,136249,0
EMP0277,Team Lead,2,Bachelor,Bangalore,5,60750,7290
EMP0278,Senior Developer,15,Bachelor,New York,5,137757,16530
EMP0279,Team Lead,11,Bachelor,New York,1,162967,0
EMP0280,Team Lead,8,Bachelor,New York,3,159088,7954
EMP0281,Manager,19,Bachelor,New York,1,217178,0
EMP0282,Junior Developer,13,PhD,Toronto,5,88789,10654
EMP0283,Junior Developer,12,Master,New York,3,93946,4697
EMP0284,Junior Developer,5,Bachelor,New York,3,86641,4332
EMP0285,Senior Developer,6,Master,New York,1,120394,0
EMP0286,Junior Developer,22,Master,New York,5,118880,14265
EMP0287,Senior Developer,4,Bachelor,Bangalore,4,53075,4246
EMP0288,Senior Developer,19,Master,New York,5,148230,17787
EMP0289,Junior Developer,20,Master,Bangalore,2,66531,1330
EMP0290,Senior Developer,1,Bachelor,Toronto,4,89990,7199
EMP0291,Junior Developer,20,Bachelor,London,3,108155,5407
EMP0292,Junior Developer,17,Bachelor,New York,4,105493,8439
EMP0293,Team Lead,12,Bachelor,London,3,160335,8016
EMP0294,Junior Developer,15,Bachelor,London,3,91933,4596
EMP0295,Junior Developer,1,Master,Toronto,4,110515,4676
EMP0296,Senior Developer,14,Bachelor,London,3,124723,6236
EMP0297,Team Lead,6,Bachelor,Bangalore,3,67285,3364
EMP0298,Junior Developer,5,PhD,London,2,71264,1425
EMP0299,Senior Developer,11,Master,London,5,122816,14737
EMP0300,Junior Developer,4,Bachelor,London,5,70762,8491
EMP0301,Junior Developer,13,Bachelor,New York,2,93040,1860
EMP0302,Senior Developer,11,Bachelor,New York,4,130827,10466
EMP0303,Senior Developer,3,Master,Bangalore,1,54259,0
EMP0304,Senior Developer,1,Bachelor,Bangalore,1,42987,0
EMP0305,Team Lead,6,Bachelor,New York,1,158804,0
EMP0306,Director,18,PhD,Bangalore,2,138789,2775
EMP0307,Senior Developer,24,Bachelor,New York,2,156717,3134
EMP0308,Junior Developer,10,Master,Toronto,3,78198,3909
EMP0309,Team Lead,5,PhD,London,1,142374,0
EMP0310,Junior Developer,23,Bachelor,London,4,111790,8943
EMP0311,Senior Developer,10,Master,Bangalore,4,67183,5374
EMP0312,Junior Developer,12,Bachelor,New York,1,93524,0
EMP0313,Junior Developer,2,PhD,New York,1,80277,0
EMP0314,Director,13,Bachelor,Bangalore,1,123479,0
EMP0315,Team Lead,8,Master,New York,2,164885,3297
EMP0316,Senior Developer,2,Bachelor,Toronto,2,94154,1883
EMP0317,Senior Developer,20,Master,London,2,134778,2695
EMP0318,Junior Developer,1,Master,Bangalore,5,36777,4413
EMP0319,Junior Developer,5,Bachelor,Bangalore,4,36492,2919
EMP0320,Junior Developer,9,Master,New York,4,85660,6852
EMP0321,Senior Developer,17,Bachelor,Bangalore,3,75348,3767
EMP0322,Team Lead,9,Bachelor,Toronto,2,142491,2849
EMP0323,Senior Developer,11,Bachelor,New York,5,132851,15942
EMP0324,Junior Developer,15,Bachelor,New York,5,104156,12498
EMP0325,Director,24,Bachelor,New York,4,285044,22803
EMP0326,Team Lead,6,PhD,New York,2,158368,3167
EMP0327,Senior Developer,23,Bachelor,Toronto,3,134516,6725
EMP0328,Senior Developer,3,Master,New York,2,118250,2365
EMP0329,Senior Developer,17,Bachelor,Bangalore,1,83168,0
EMP0330,Junior Developer,5,Master,Toronto,2,69577,1391
EMP0331,Junior Developer,12,PhD,London,1,85727,0
EMP0332,Team Lead,18,Bachelor,London,1,170468,0
EMP0333,Junior Developer,14,Master,Bangalore,3,53342,2667
EMP0334,Junior Developer,21,Bachelor,Bangalore,4,68447,5475
EMP0335,Junior Developer,24,Master,Toronto,2,180300,2191
EMP0336,Junior Developer,11,Bachelor,London,1,89317,0
EMP0337,Manager,9,PhD,London,2,178526,3570
EMP0338,Team Lead,2,Bachelor,London,4,137748,11019
EMP0339,Senior Developer,12,Bachelor,London,4,118405,9472
EMP0340,Junior Developer,3,Master,London,5,74986,8998
EMP0341,Senior Developer,3,Bachelor,New York,4,118765,9501
EMP0342,Senior Developer,1,Bachelor,Bangalore,3,45740,2287
EMP0343,Junior Developer,8,Bachelor,New York,1,84846,0
EMP0344,Senior Developer,22,Bachelor,London,5,139478,16737
EMP0345,Junior Developer,8,Bachelor,Toronto,3,71771,3588
EMP0346,Senior Developer,11,Bachelor,Toronto,2,112525,2250
EMP0347,Senior Developer,9,Bachelor,London,1,120770,0
EMP0348,Junior Developer,5,Bachelor,London,4,71193,5695
EMP0349,Junior Developer,14,Master,Toronto,1,85007,0
EMP0350,Senior Developer,3,Bachelor,New York,2,110185,2203
EMP0351,Senior Developer,21,Bachelor,New York,5,147394,17687
EMP0352,Manager,5,Bachelor,London,5,179984,21598
EMP0353,Senior Developer,5,Bachelor,New York,5,122302,14676
EMP0354,Junior Developer,19,Master,Toronto,4,97005,7760
EMP0355,Junior Developer,14,Bachelor,New York,3,102429,5121
EMP0356,Senior Developer,4,Bachelor,London,3,104261,5213
EMP0357,Junior Developer,13,Master,Toronto,1,84736,0
EMP0358,Senior Developer,10,Master,New York,4,129716,10377
EMP0359,Manager,18,Bachelor,Bangalore,5,110875,13305
EMP0360,Senior Developer,8,Master,Toronto,5,109921,13190
EMP0361,Junior Developer,8,PhD,Toronto,2,75378,1507
EMP0362,Senior Developer,7,Bachelor,Bangalore,2,61815,1236
EMP0363,Senior Developer,8,Master,Bangalore,5,59451,7134
EMP0364,Senior Developer,14,Master,Toronto,5,120616,14473
EMP0365,Manager,19,Bachelor,Bangalore,4,117836,9426
EMP0366,Junior Developer,6,Bachelor,London,3,75800,3790
EMP0367,Director,1,Bachelor,London,2,225333,4506
EMP0368,Manager,23,Master,London,3,211410,10570
EMP0369,Junior Developer,15,PhD,Toronto,4,86455,6916
EMP0370,Junior Developer,1,Master,Bangalore,5,33892,4067
EMP0371,Junior Developer,17,Bachelor,Bangalore,3,105942,3240
EMP0372,Junior Developer,1,Master,New York,5,75796,9095
EMP0373,Junior Developer,15,Bachelor,New York,5,101796,12215
EMP0374,Senior Developer,23,Bachelor,Bangalore,1,91093,0
EMP0375,Junior Developer,2,Bachelor,Bangalore,3,30325,1516
EMP0376,Junior Developer,14,Master,Bangalore,3,57976,2898
EMP0377,Team Lead,21,Bachelor,Toronto,5,166405,19968
EMP0378,Junior Developer,8,Master,Bangalore,4,42159,3372
EMP0379,Team Lead,8,Bachelor,New York,1,159650,0
EMP0380,Junior Developer,19,Bachelor,Toronto,5,97987,11758
EMP0381,Junior Developer,7,Bachelor,Bangalore,2,43697,873
EMP0382,Senior Developer,19,Bachelor,New York,2,141340,2826
EMP0383,Senior Developer,6,PhD,Toronto,1,100828,0
EMP0384,Manager,6,Bachelor,Bangalore,4,83968,6717
EMP0385,Team Lead,3,Master,Bangalore,5,61703,7404
EMP0386,Team Lead,7,Bachelor,Bangalore,3,135513,3724
EMP0387,Junior Developer,19,Master,Toronto,1,99376,0
EMP0388,Junior Developer,8,Bachelor,New York,4,84800,6784
EMP0389,Team Lead,10,Master,New York,3,164463,8223
EMP0390,Team Lead,20,Master,London,2,171912,3438
EMP0391,Director,15,Bachelor,Bangalore,2,129648,2592
EMP0392,Senior Developer,15,Bachelor,London,3,124855,6242
EMP0393,Junior Developer,1,Master,London,1,65866,0
EMP0394,Team Lead,20,PhD,New York,2,179182,3583
EMP0395,Junior Developer,7,Bachelor,Toronto,5,72112,8653
EMP0396,Manager,4,Master,Toronto,3,158670,7933
EMP0397,Manager,6,PhD,New York,3,191492,9574
EMP0398,Senior Developer,1,Master,Toronto,2,92823,1856
EMP0399,Team Lead,5,PhD,London,1,138517,0
EMP0400,Team Lead,23,Master,Bangalore,5,106002,12720
EMP0401,Junior Developer,1,Bachelor,New York,1,70356,0
EMP0402,Manager,4,Bachelor,Bangalore,4,81629,6530
EMP0403,Senior Developer,22,Bachelor,Toronto,4,132628,10610
EMP0404,Team Lead,2,Master,Bangalore,2,139199,1344
EMP0405,Junior Developer,10,Master,Toronto,2,81132,1622
EMP0406,Manager,5,Bachelor,Toronto,2,164324,3286
EMP0407,Junior Developer,10,Master,London,4,87588,7007
EMP0408,Junior Developer,1,Master,Toronto,1,60311,0
EMP0409,Manager,22,Bachelor,London,1,210048,0
EMP0410,Junior Developer,6,Bachelor,London,2,79246,1584
EMP0411,Junior Developer,13,Bachelor,London,5,87987,10558
EMP0412,Director,15,Bachelor,New York,1,268321,0
EMP0413,Director,4,Bachelor,New York,4,247615,19809
EMP0414,Senior Developer,13,Bachelor,Toronto,3,119365,5968
EMP0415,Senior Developer,24,Bachelor,London,3,145741,7287
EMP0416,Senior Developer,20,Bachelor,New York,3,146052,7302
EMP0417,Junior Developer,24,Bachelor,London,5,222675,13868
EMP0418,Junior Developer,15,Bachelor,Bangalore,2,55726,1114
EMP0419,Senior Developer,8,Master,Bangalore,4,59760,4780
EMP0420,Team Lead,5,Bachelor,Bangalore,5,70806,8496
EMP0421,Team Lead,15,PhD,Toronto,4,146875,11750
EMP0422,Team Lead,4,PhD,London,4,141993,11359
EMP0423,Junior Developer,12,Bachelor,Bangalore,2,53033,1060
EMP0424,Senior Developer,13,Bachelor,New York,3,134443,6722
EMP0425,Junior Developer,2,Bachelor,Bangalore,2,29989,599
EMP0426,Senior Developer,19,Bachelor,Bangalore,5,81744,9809
EMP0427,Senior Developer,19,Master,Bangalore,5,86611,10393
EMP0428,Manager,4,Bachelor,Toronto,5,153593,18431
EMP0429,Junior Developer,4,Bachelor,New York,2,144664,1535
EMP0430,Junior Developer,11,Bachelor,London,4,83935,6714
EMP0431,Junior Developer,5,Bachelor,New York,4,80808,6464
EMP0432,Team Lead,20,Master,London,1,167331,0
EMP0433,Senior Developer,11,Bachelor,Toronto,5,114922,13790
EMP0434,Junior Developer,10,Bachelor,Toronto,4,77702,6216
EMP0435,Junior Developer,8,Bachelor,Toronto,1,76889,0
EMP0436,Team Lead,6,PhD,Toronto,4,132054,10564
EMP0437,Junior Developer,6,Bachelor,London,5,76868,9224
EMP0438,Team Lead,8,Bachelor,Bangalore,3,75200,3760
EMP0439,Team Lead,23,Master,London,5,173201,20784
EMP0440,Junior Developer,15,Bachelor,New York,2,99497,1989
EMP0441,Junior Developer,14,PhD,Toronto,4,84842,6787
EMP0442,Director,11,Master,Toronto,4,226101,18088
EMP0443,Junior Developer,12,Master,New York,2,95658,1913
EMP0444,Junior Developer,13,Master,London,2,94544,1890
EMP0445,Team Lead,8,PhD,Bangalore,3,78718,3935
EMP0446,Manager,18,PhD,Bangalore,4,106770,8541
EMP0447,Director,1,Master,New York,4,240155,19212
EMP0448,Team Lead,15,Master,Bangalore,3,86628,4331
EMP0449,Junior Developer,8,Bachelor,London,1,77386,0
EMP0450,Junior Developer,11,Bachelor,London,3,89031,4451
EMP0451,Team Lead,12,Bachelor,New York,5,169439,20332
EMP0452,Senior Developer,12,Bachelor,London,4,124401,9952
EMP0453,Senior Developer,4,Bachelor,Toronto,2,97008,1940
EMP0454,Manager,16,Bachelor,New York,5,209466,25135
EMP0455,Junior Developer,4,Bachelor,London,4,123812,5702
EMP0456,Senior Developer,5,Master,New York,3,114856,5742
EMP0457,Junior Developer,24,PhD,Bangalore,5,80980,9717
EMP0458,Senior Developer,5,Bachelor,London,4,105998,8479
EMP0459,Junior Developer,8,Bachelor,Toronto,1,76476,0
EMP0460,Junior Developer,10,Master,London,1,90428,0
EMP0461,Junior Developer,17,Bachelor,New York,2,228840,2113
EMP0462,Senior Developer,9,Master,New York,4,130342,10427
EMP0463,Team Lead,22,Bachelor,London,1,175318,0
EMP0464,Senior Developer,19,Bachelor,Toronto,3,130064,6503
EMP0465,Director,14,PhD,Toronto,4,230446,18435
EMP0466,Junior Developer,8,Bachelor,Toronto,3,72431,3621
EMP0467,Junior Developer,9,Master,New York,3,90624,4531
EMP0468,Manager,22,Master,London,1,211461,0
EMP0469,Junior Developer,11,Bachelor,Bangalore,4,48819,3905
EMP0470,Director,23,Master,New York,5,282130,33855
EMP0471,Junior Developer,1,PhD,Toronto,1,63563,0
EMP0472,Director,14,Bachelor,London,1,245658,0
EMP0473,Junior Developer,5,Master,Toronto,4,68500,5480
EMP0474,Manager,21,Bachelor,Bangalore,4,120566,9645
EMP0475,Senior Developer,14,Master,Toronto,3,115120,5756
EMP0476,Director,4,Master,Toronto,4,207020,16561
EMP0477,Junior Developer,22,Bachelor,Bangalore,3,72259,3612
EMP0478,Senior Developer,23,PhD,London,1,141823,0
EMP0479,Director,1,PhD,New York,2,238474,4769
EMP0480,Senior Developer,22,Master,London,5,140242,16829
EMP0481,Senior Developer,23,Master,Bangalore,1,89243,0
EMP0482,Senior Developer,19,Master,Toronto,4,129990,10399
EMP0483,Senior Developer,8,Bachelor,London,5,115160,13819
EMP0484,Senior Developer,15,Master,New York,2,136134,2722
EMP0485,Senior Developer,21,Bachelor,Bangalore,2,84070,1681
EMP0486,Manager,15,Bachelor,London,3,190359,9517
EMP0487,Junior Developer,9,Master,New York,5,86141,10336
EMP0488,Junior Developer,21,Bachelor,Bangalore,3,68635,3431
EMP0489,Director,9,Bachelor,New York,1,257000,0
EMP0490,Manager,10,Bachelor,Bangalore,5,93361,11203
EMP0491,Senior Developer,20,Bachelor,Toronto,1,131583,0
EMP0492,Senior Developer,21,Master,London,3,143835,7191
EMP0493,Junior Developer,9,Bachelor,New York,5,85006,10200
EMP0494,Junior Developer,3,Master,Bangalore,3,34267,1713
EMP0495,Senior Developer,20,Bachelor,New York,5,149564,17947
EMP0496,Junior Developer,11,Master,New York,3,216808,4939
EMP0497,Senior Developer,6,Bachelor,London,2,110928,2218
EMP0498,Junior Developer,2,Bachelor,Toronto,3,61606,3080
EMP0499,Director,7,Master,New York,2,254906,5098
EMP0500,Director,18,Master,Bangalore,3,134273,6713
